Panel,Profile,SampleID,Treatment,Day,PCoA1,PCoA2,PCoA1_percent,PCoA2_percent,Transform
Fig1c,Bacteria,trim1,CP,0,-32.961252031032096,38.06851628531818,25.256713236844146,15.460292348583197,Raw-count pseudocount 0.5 → CLR; Euclidean=Aitchison (frozen day-0 convention)
Fig1c,Bacteria,trim151,CP,0,-47.45333970789011,-37.144893207756574,25.256713236844146,15.460292348583197,Raw-count pseudocount 0.5 → CLR; Euclidean=Aitchison (frozen day-0 convention)
Fig1c,Bacteria,trim152,CK,0,41.90721053185289,-18.609169601659666,25.256713236844146,15.460292348583197,Raw-count pseudocount 0.5 → CLR; Euclidean=Aitchison (frozen day-0 convention)
Fig1c,Bacteria,trim2,CP,0,-36.41212008577312,16.925287848916692,25.256713236844146,15.460292348583197,Raw-count pseudocount 0.5 → CLR; Euclidean=Aitchison (frozen day-0 convention)
Fig1c,Bacteria,trim3,CP,0,-36.37775601984767,3.5321809124584176,25.256713236844146,15.460292348583197,Raw-count pseudocount 0.5 → CLR; Euclidean=Aitchison (frozen day-0 convention)
Fig1c,Bacteria,trim4,CK,0,48.2506194116632,21.27896057773602,25.256713236844146,15.460292348583197,Raw-count pseudocount 0.5 → CLR; Euclidean=Aitchison (frozen day-0 convention)
Fig1c,Bacteria,trim5,CK,0,40.774874798434965,28.411765876607838,25.256713236844146,15.460292348583197,Raw-count pseudocount 0.5 → CLR; Euclidean=Aitchison (frozen day-0 convention)
Fig1c,Bacteria,trim6,CK,0,22.271763102592047,-52.462648691620764,25.256713236844146,15.460292348583197,Raw-count pseudocount 0.5 → CLR; Euclidean=Aitchison (frozen day-0 convention)
Fig1c,Fungi,trim1,CP,0,-17.395340892016407,5.9976824955621755,33.77392515931158,12.95279546050318,Raw-count pseudocount 0.5 → CLR; Euclidean=Aitchison (frozen day-0 convention)
Fig1c,Fungi,trim151,CP,0,-16.23701289204706,4.729056443507929,33.77392515931158,12.95279546050318,Raw-count pseudocount 0.5 → CLR; Euclidean=Aitchison (frozen day-0 convention)
Fig1c,Fungi,trim152,CK,0,14.06172826693199,21.04705088889862,33.77392515931158,12.95279546050318,Raw-count pseudocount 0.5 → CLR; Euclidean=Aitchison (frozen day-0 convention)
Fig1c,Fungi,trim2,CP,0,-15.922849012256949,-7.917228751340247,33.77392515931158,12.95279546050318,Raw-count pseudocount 0.5 → CLR; Euclidean=Aitchison (frozen day-0 convention)
Fig1c,Fungi,trim3,CP,0,-16.075402650343115,-5.207590303429537,33.77392515931158,12.95279546050318,Raw-count pseudocount 0.5 → CLR; Euclidean=Aitchison (frozen day-0 convention)
Fig1c,Fungi,trim4,CK,0,16.822010401702688,2.791225220730729,33.77392515931158,12.95279546050318,Raw-count pseudocount 0.5 → CLR; Euclidean=Aitchison (frozen day-0 convention)
Fig1c,Fungi,trim5,CK,0,16.714151383983673,-11.415111563581245,33.77392515931158,12.95279546050318,Raw-count pseudocount 0.5 → CLR; Euclidean=Aitchison (frozen day-0 convention)
Fig1c,Fungi,trim6,CK,0,18.032715394045344,-10.025084430348635,33.77392515931158,12.95279546050318,Raw-count pseudocount 0.5 → CLR; Euclidean=Aitchison (frozen day-0 convention)
Fig1c,KO,S152,CK,0,-39.71716867483479,15.243765480984788,50.29549211797336,14.229929901756583,Raw-count pseudocount 0.5 → CLR; Euclidean=Aitchison (frozen day-0 convention)
Fig1c,KO,S4,CK,0,-40.75723275411213,26.289857903205313,50.29549211797336,14.229929901756583,Raw-count pseudocount 0.5 → CLR; Euclidean=Aitchison (frozen day-0 convention)
Fig1c,KO,S1,CP,0,42.1661669378312,8.53636785656061,50.29549211797336,14.229929901756583,Raw-count pseudocount 0.5 → CLR; Euclidean=Aitchison (frozen day-0 convention)
Fig1c,KO,S3,CP,0,38.65842056558992,-11.79019524070174,50.29549211797336,14.229929901756583,Raw-count pseudocount 0.5 → CLR; Euclidean=Aitchison (frozen day-0 convention)
Fig1c,KO,S2,CP,0,40.851596056408454,2.3836881073837257,50.29549211797336,14.229929901756583,Raw-count pseudocount 0.5 → CLR; Euclidean=Aitchison (frozen day-0 convention)
Fig1c,KO,S5,CK,0,-41.201782130882876,-40.66348410743268,50.29549211797336,14.229929901756583,Raw-count pseudocount 0.5 → CLR; Euclidean=Aitchison (frozen day-0 convention)
Fig1c,COG,S152,CK,0,-109.90378646281674,82.60651857258155,47.161052769727135,13.759130971831462,Raw-count pseudocount 0.5 → CLR; Euclidean=Aitchison (frozen day-0 convention)
Fig1c,COG,S4,CK,0,-107.70208288193474,-13.623177756643639,47.161052769727135,13.759130971831462,Raw-count pseudocount 0.5 → CLR; Euclidean=Aitchison (frozen day-0 convention)
Fig1c,COG,S1,CP,0,110.75456251413596,76.53308200170156,47.161052769727135,13.759130971831462,Raw-count pseudocount 0.5 → CLR; Euclidean=Aitchison (frozen day-0 convention)
Fig1c,COG,S3,CP,0,102.15009005710037,-40.517091427840874,47.161052769727135,13.759130971831462,Raw-count pseudocount 0.5 → CLR; Euclidean=Aitchison (frozen day-0 convention)
Fig1c,COG,S2,CP,0,111.90187893094003,-36.430598798161185,47.161052769727135,13.759130971831462,Raw-count pseudocount 0.5 → CLR; Euclidean=Aitchison (frozen day-0 convention)
Fig1c,COG,S5,CK,0,-107.2006621574201,-68.56873259163727,47.161052769727135,13.759130971831462,Raw-count pseudocount 0.5 → CLR; Euclidean=Aitchison (frozen day-0 convention)
