Panel,Metric,SampleID,Treatment,Day,Raw_value,Plot_value_log10
Fig2c,Bacterial Shannon,trim7,TCP,7,7.326225707,
Fig2d,Fungal Shannon,trim7,TCP,7,2.514069204,
Fig2c,Bacterial Shannon,trim8,TCP,7,7.17458897,
Fig2d,Fungal Shannon,trim8,TCP,7,3.15225891,
Fig2c,Bacterial Shannon,trim9,TCP,7,7.265991327,
Fig2d,Fungal Shannon,trim9,TCP,7,3.085564673,
Fig2c,Bacterial Shannon,trim79,TCP,7,6.867271785,
Fig2d,Fungal Shannon,trim79,TCP,7,3.136067913,
Fig2c,Bacterial Shannon,trim10,TCK,7,8.020118453,
Fig2d,Fungal Shannon,trim10,TCK,7,3.336349086,
Fig2c,Bacterial Shannon,trim11,TCK,7,8.086335947,
Fig2d,Fungal Shannon,trim11,TCK,7,3.115235608,
Fig2c,Bacterial Shannon,trim12,TCK,7,8.197244154,
Fig2d,Fungal Shannon,trim12,TCK,7,3.181687306,
Fig2c,Bacterial Shannon,trim80,TCK,7,8.019159324,
Fig2d,Fungal Shannon,trim80,TCK,7,3.139091817,
Fig2c,Bacterial Shannon,trim13,CP,7,7.340513567,
Fig2d,Fungal Shannon,trim13,CP,7,3.154572187,
Fig2c,Bacterial Shannon,trim14,CP,7,7.294483752,
Fig2d,Fungal Shannon,trim14,CP,7,3.21614581,
Fig2c,Bacterial Shannon,trim15,CP,7,7.379439088,
Fig2d,Fungal Shannon,trim15,CP,7,3.477525012,
Fig2c,Bacterial Shannon,trim81,CP,7,6.705992484,
Fig2d,Fungal Shannon,trim81,CP,7,3.255791334,
Fig2c,Bacterial Shannon,trim16,CK,7,8.022421368,
Fig2d,Fungal Shannon,trim16,CK,7,3.409575072,
Fig2c,Bacterial Shannon,trim17,CK,7,8.163335451,
Fig2d,Fungal Shannon,trim17,CK,7,3.146973823,
Fig2c,Bacterial Shannon,trim18,CK,7,8.205993986,
Fig2d,Fungal Shannon,trim18,CK,7,3.32102043,
Fig2c,Bacterial Shannon,trim82,CK,7,8.061759501,
Fig2d,Fungal Shannon,trim82,CK,7,3.149441499,
Fig2c,Bacterial Shannon,trim19,TCP,14,7.519277973,
Fig2d,Fungal Shannon,trim19,TCP,14,3.214463318,
Fig2c,Bacterial Shannon,trim20,TCP,14,7.522099234,
Fig2d,Fungal Shannon,trim20,TCP,14,3.353636012,
Fig2c,Bacterial Shannon,trim21,TCP,14,7.442123185,
Fig2d,Fungal Shannon,trim21,TCP,14,3.166125306,
Fig2c,Bacterial Shannon,trim83,TCP,14,7.104361463,
Fig2d,Fungal Shannon,trim83,TCP,14,3.363826079,
Fig2c,Bacterial Shannon,trim22,TCK,14,8.148898448,
Fig2d,Fungal Shannon,trim22,TCK,14,3.38627499,
Fig2c,Bacterial Shannon,trim23,TCK,14,8.176126092,
Fig2d,Fungal Shannon,trim23,TCK,14,3.436116682,
Fig2c,Bacterial Shannon,trim24,TCK,14,8.187910089,
Fig2d,Fungal Shannon,trim24,TCK,14,3.219401287,
Fig2c,Bacterial Shannon,trim84,TCK,14,8.090805158,
Fig2d,Fungal Shannon,trim84,TCK,14,3.21069976,
Fig2c,Bacterial Shannon,trim25,CP,14,7.629159894,
Fig2d,Fungal Shannon,trim25,CP,14,3.269174922,
Fig2c,Bacterial Shannon,trim26,CP,14,7.356746831,
Fig2d,Fungal Shannon,trim26,CP,14,3.2206909,
Fig2c,Bacterial Shannon,trim27,CP,14,7.384420626,
Fig2d,Fungal Shannon,trim27,CP,14,3.365459279,
Fig2c,Bacterial Shannon,trim85,CP,14,7.22925132,
Fig2d,Fungal Shannon,trim85,CP,14,3.206627046,
Fig2c,Bacterial Shannon,trim28,CK,14,8.066701899,
Fig2d,Fungal Shannon,trim28,CK,14,3.439729194,
Fig2c,Bacterial Shannon,trim29,CK,14,8.096292715,
Fig2d,Fungal Shannon,trim29,CK,14,3.256417321,
Fig2c,Bacterial Shannon,trim30,CK,14,8.173294883,
Fig2d,Fungal Shannon,trim30,CK,14,3.477568997,
Fig2c,Bacterial Shannon,trim86,CK,14,8.097002773,
Fig2d,Fungal Shannon,trim86,CK,14,3.421756867,
Fig2c,Bacterial Shannon,trim31,TCP,28,7.167101111,
Fig2d,Fungal Shannon,trim31,TCP,28,3.268680783,
Fig2c,Bacterial Shannon,trim32,TCP,28,7.392236214,
Fig2d,Fungal Shannon,trim32,TCP,28,3.101089501,
Fig2c,Bacterial Shannon,trim33,TCP,28,7.369288177,
Fig2d,Fungal Shannon,trim33,TCP,28,3.264167864,
Fig2c,Bacterial Shannon,trim87,TCP,28,7.339487578,
Fig2d,Fungal Shannon,trim87,TCP,28,3.523414436,
Fig2c,Bacterial Shannon,trim34,TCK,28,8.122934883,
Fig2d,Fungal Shannon,trim34,TCK,28,3.388803005,
Fig2c,Bacterial Shannon,trim35,TCK,28,8.068570961,
Fig2d,Fungal Shannon,trim35,TCK,28,3.195105762,
Fig2c,Bacterial Shannon,trim36,TCK,28,8.029068285,
Fig2d,Fungal Shannon,trim36,TCK,28,3.333494159,
Fig2c,Bacterial Shannon,trim88,TCK,28,8.012776628,
Fig2d,Fungal Shannon,trim88,TCK,28,3.215359928,
Fig2c,Bacterial Shannon,trim37,CP,28,7.688905273,
Fig2d,Fungal Shannon,trim37,CP,28,3.206963614,
Fig2c,Bacterial Shannon,trim38,CP,28,7.681576284,
Fig2d,Fungal Shannon,trim38,CP,28,3.23089606,
Fig2c,Bacterial Shannon,trim39,CP,28,7.795797617,
Fig2d,Fungal Shannon,trim39,CP,28,3.336638204,
Fig2c,Bacterial Shannon,trim89,CP,28,7.669212126,
Fig2d,Fungal Shannon,trim89,CP,28,3.411210498,
Fig2c,Bacterial Shannon,trim40,CK,28,8.004629886,
Fig2d,Fungal Shannon,trim40,CK,28,3.152256782,
Fig2c,Bacterial Shannon,trim41,CK,28,8.10101122,
Fig2d,Fungal Shannon,trim41,CK,28,3.221329027,
Fig2c,Bacterial Shannon,trim42,CK,28,8.107815584,
Fig2d,Fungal Shannon,trim42,CK,28,3.248552572,
Fig2c,Bacterial Shannon,trim90,CK,28,8.146966034,
Fig2d,Fungal Shannon,trim90,CK,28,3.256120472,
Fig2c,Bacterial Shannon,trim43,TCP,42,7.494182983,
Fig2d,Fungal Shannon,trim43,TCP,42,3.048158071,
Fig2c,Bacterial Shannon,trim44,TCP,42,7.351820121,
Fig2d,Fungal Shannon,trim44,TCP,42,3.374057877,
Fig2c,Bacterial Shannon,trim45,TCP,42,7.480183233,
Fig2d,Fungal Shannon,trim45,TCP,42,3.12152009,
Fig2c,Bacterial Shannon,trim91,TCP,42,7.502953378,
Fig2d,Fungal Shannon,trim91,TCP,42,3.14044497,
Fig2c,Bacterial Shannon,trim46,TCK,42,8.120293095,
Fig2d,Fungal Shannon,trim46,TCK,42,3.489377669,
Fig2c,Bacterial Shannon,trim47,TCK,42,8.164992301,
Fig2d,Fungal Shannon,trim47,TCK,42,3.519227087,
Fig2c,Bacterial Shannon,trim48,TCK,42,8.15465369,
Fig2d,Fungal Shannon,trim48,TCK,42,3.20831564,
Fig2c,Bacterial Shannon,trim92,TCK,42,8.0360637,
Fig2d,Fungal Shannon,trim92,TCK,42,3.322772491,
Fig2c,Bacterial Shannon,trim49,CP,42,7.766809954,
Fig2d,Fungal Shannon,trim49,CP,42,3.005252279,
Fig2c,Bacterial Shannon,trim50,CP,42,7.673240491,
Fig2d,Fungal Shannon,trim50,CP,42,3.026805066,
Fig2c,Bacterial Shannon,trim51,CP,42,7.649931569,
Fig2d,Fungal Shannon,trim51,CP,42,3.165744023,
Fig2c,Bacterial Shannon,trim93,CP,42,7.72860149,
Fig2d,Fungal Shannon,trim93,CP,42,3.140716204,
Fig2c,Bacterial Shannon,trim52,CK,42,8.119869982,
Fig2d,Fungal Shannon,trim52,CK,42,3.269440098,
Fig2c,Bacterial Shannon,trim53,CK,42,8.222207551,
Fig2d,Fungal Shannon,trim53,CK,42,3.306907524,
Fig2c,Bacterial Shannon,trim54,CK,42,8.199569288,
Fig2d,Fungal Shannon,trim54,CK,42,3.220696261,
Fig2c,Bacterial Shannon,trim94,CK,42,8.121823622,
Fig2d,Fungal Shannon,trim94,CK,42,3.633144107,
Fig2c,Bacterial Shannon,trim55,TCP,56,6.883184197,
Fig2d,Fungal Shannon,trim55,TCP,56,3.193732211,
Fig2c,Bacterial Shannon,trim56,TCP,56,7.267709298,
Fig2d,Fungal Shannon,trim56,TCP,56,3.135649351,
Fig2c,Bacterial Shannon,trim57,TCP,56,7.225044542,
Fig2d,Fungal Shannon,trim57,TCP,56,3.050808499,
Fig2c,Bacterial Shannon,trim95,TCP,56,7.323261727,
Fig2d,Fungal Shannon,trim95,TCP,56,3.287934716,
Fig2c,Bacterial Shannon,trim58,TCK,56,8.123520254,
Fig2d,Fungal Shannon,trim58,TCK,56,3.416987237,
Fig2c,Bacterial Shannon,trim59,TCK,56,8.002120722,
Fig2d,Fungal Shannon,trim59,TCK,56,3.387990453,
Fig2c,Bacterial Shannon,trim60,TCK,56,8.129610721,
Fig2d,Fungal Shannon,trim60,TCK,56,3.186135295,
Fig2c,Bacterial Shannon,trim96,TCK,56,8.05046946,
Fig2d,Fungal Shannon,trim96,TCK,56,3.245151659,
Fig2c,Bacterial Shannon,trim61,CP,56,7.707482714,
Fig2d,Fungal Shannon,trim61,CP,56,3.092135834,
Fig2c,Bacterial Shannon,trim62,CP,56,7.630688514,
Fig2d,Fungal Shannon,trim62,CP,56,3.055088939,
Fig2c,Bacterial Shannon,trim63,CP,56,7.668087884,
Fig2d,Fungal Shannon,trim63,CP,56,2.950049371,
Fig2c,Bacterial Shannon,trim97,CP,56,7.449515147,
Fig2d,Fungal Shannon,trim97,CP,56,2.48032113,
Fig2c,Bacterial Shannon,trim64,CK,56,7.936149091,
Fig2d,Fungal Shannon,trim64,CK,56,3.39648403,
Fig2c,Bacterial Shannon,trim65,CK,56,8.088501189,
Fig2d,Fungal Shannon,trim65,CK,56,3.351124166,
Fig2c,Bacterial Shannon,trim66,CK,56,8.150496645,
Fig2d,Fungal Shannon,trim66,CK,56,3.421788916,
Fig2c,Bacterial Shannon,trim98,CK,56,8.058687312,
Fig2d,Fungal Shannon,trim98,CK,56,3.604199436,
Fig2c,Bacterial Shannon,trim67,TCP,70,7.452065053,
Fig2d,Fungal Shannon,trim67,TCP,70,3.040844009,
Fig2c,Bacterial Shannon,trim68,TCP,70,7.424089675,
Fig2d,Fungal Shannon,trim68,TCP,70,3.423529674,
Fig2c,Bacterial Shannon,trim69,TCP,70,7.351382107,
Fig2d,Fungal Shannon,trim69,TCP,70,3.130475676,
Fig2c,Bacterial Shannon,trim99,TCP,70,7.262455442,
Fig2d,Fungal Shannon,trim99,TCP,70,3.163670172,
Fig2c,Bacterial Shannon,trim70,TCK,70,8.123275584,
Fig2d,Fungal Shannon,trim70,TCK,70,3.496485896,
Fig2c,Bacterial Shannon,trim71,TCK,70,8.172767529,
Fig2d,Fungal Shannon,trim71,TCK,70,3.414053644,
Fig2c,Bacterial Shannon,trim72,TCK,70,8.169342852,
Fig2d,Fungal Shannon,trim72,TCK,70,3.379631409,
Fig2c,Bacterial Shannon,trim100,TCK,70,8.121847816,
Fig2d,Fungal Shannon,trim100,TCK,70,3.29094016,
Fig2c,Bacterial Shannon,trim73,CP,70,7.762341121,
Fig2d,Fungal Shannon,trim73,CP,70,3.081708128,
Fig2c,Bacterial Shannon,trim74,CP,70,7.77655966,
Fig2d,Fungal Shannon,trim74,CP,70,3.083823341,
Fig2c,Bacterial Shannon,trim75,CP,70,7.728862797,
Fig2d,Fungal Shannon,trim75,CP,70,3.002399168,
Fig2c,Bacterial Shannon,trim101,CP,70,7.820697165,
Fig2d,Fungal Shannon,trim101,CP,70,3.06901283,
Fig2c,Bacterial Shannon,trim76,CK,70,8.055197924,
Fig2d,Fungal Shannon,trim76,CK,70,3.410066828,
Fig2c,Bacterial Shannon,trim77,CK,70,8.080579414,
Fig2d,Fungal Shannon,trim77,CK,70,3.485823071,
Fig2c,Bacterial Shannon,trim78,CK,70,8.122440242,
Fig2d,Fungal Shannon,trim78,CK,70,3.369362414,
Fig2c,Bacterial Shannon,trim102,CK,70,8.200130657,
Fig2d,Fungal Shannon,trim102,CK,70,3.607706867,
