Panel,Metric,SampleID,Treatment,Day,Value
Fig3a,KO richness,S7,TCP,7,7024
Fig3b,COG richness,S7,TCP,7,33809
Fig3a,KO richness,S8,TCP,7,6978
Fig3b,COG richness,S8,TCP,7,33192
Fig3a,KO richness,S9,TCP,7,6977
Fig3b,COG richness,S9,TCP,7,33084
Fig3a,KO richness,S10,TCK,7,6880
Fig3b,COG richness,S10,TCK,7,32090
Fig3a,KO richness,S12,TCK,7,6896
Fig3b,COG richness,S12,TCK,7,32408
Fig3a,KO richness,S80,TCK,7,6924
Fig3b,COG richness,S80,TCK,7,32267
Fig3a,KO richness,S13,CP,7,6996
Fig3b,COG richness,S13,CP,7,33731
Fig3a,KO richness,S14,CP,7,7084
Fig3b,COG richness,S14,CP,7,33998
Fig3a,KO richness,S15,CP,7,6988
Fig3b,COG richness,S15,CP,7,33774
Fig3a,KO richness,S17,CK,7,6992
Fig3b,COG richness,S17,CK,7,32145
Fig3a,KO richness,S18,CK,7,6943
Fig3b,COG richness,S18,CK,7,32154
Fig3a,KO richness,S82,CK,7,6895
Fig3b,COG richness,S82,CK,7,32415
Fig3a,KO richness,S19,TCP,14,7008
Fig3b,COG richness,S19,TCP,14,33664
Fig3a,KO richness,S20,TCP,14,7060
Fig3b,COG richness,S20,TCP,14,34128
Fig3a,KO richness,S21,TCP,14,7050
Fig3b,COG richness,S21,TCP,14,33938
Fig3a,KO richness,S22,TCK,14,6868
Fig3b,COG richness,S22,TCK,14,32444
Fig3a,KO richness,S23,TCK,14,6908
Fig3b,COG richness,S23,TCK,14,32362
Fig3a,KO richness,S24,TCK,14,6891
Fig3b,COG richness,S24,TCK,14,32242
Fig3a,KO richness,S26,CP,14,7005
Fig3b,COG richness,S26,CP,14,33710
Fig3a,KO richness,S27,CP,14,6989
Fig3b,COG richness,S27,CP,14,33647
Fig3a,KO richness,S85,CP,14,7107
Fig3b,COG richness,S85,CP,14,34313
Fig3a,KO richness,S29,CK,14,6853
Fig3b,COG richness,S29,CK,14,32301
Fig3a,KO richness,S30,CK,14,6900
Fig3b,COG richness,S30,CK,14,32389
Fig3a,KO richness,S86,CK,14,6990
Fig3b,COG richness,S86,CK,14,32929
Fig3a,KO richness,S32,TCP,28,7115
Fig3b,COG richness,S32,TCP,28,34235
Fig3a,KO richness,S33,TCP,28,7019
Fig3b,COG richness,S33,TCP,28,33772
Fig3a,KO richness,S87,TCP,28,7093
Fig3b,COG richness,S87,TCP,28,33923
Fig3a,KO richness,S35,TCK,28,6979
Fig3b,COG richness,S35,TCK,28,32880
Fig3a,KO richness,S36,TCK,28,6941
Fig3b,COG richness,S36,TCK,28,32556
Fig3a,KO richness,S88,TCK,28,7028
Fig3b,COG richness,S88,TCK,28,32378
Fig3a,KO richness,S37,CP,28,7055
Fig3b,COG richness,S37,CP,28,33807
Fig3a,KO richness,S38,CP,28,7023
Fig3b,COG richness,S38,CP,28,33775
Fig3a,KO richness,S39,CP,28,7052
Fig3b,COG richness,S39,CP,28,33541
Fig3a,KO richness,S41,CK,28,6887
Fig3b,COG richness,S41,CK,28,31929
Fig3a,KO richness,S42,CK,28,6805
Fig3b,COG richness,S42,CK,28,31453
Fig3a,KO richness,S90,CK,28,6908
Fig3b,COG richness,S90,CK,28,32155
Fig3a,KO richness,S43,TCP,42,7183
Fig3b,COG richness,S43,TCP,42,34869
Fig3a,KO richness,S44,TCP,42,7116
Fig3b,COG richness,S44,TCP,42,34034
Fig3a,KO richness,S91,TCP,42,7122
Fig3b,COG richness,S91,TCP,42,34032
Fig3a,KO richness,S46,TCK,42,6879
Fig3b,COG richness,S46,TCK,42,32079
Fig3a,KO richness,S47,TCK,42,6871
Fig3b,COG richness,S47,TCK,42,32225
Fig3a,KO richness,S48,TCK,42,6940
Fig3b,COG richness,S48,TCK,42,32357
Fig3a,KO richness,S49,CP,42,6990
Fig3b,COG richness,S49,CP,42,33289
Fig3a,KO richness,S50,CP,42,7005
Fig3b,COG richness,S50,CP,42,33430
Fig3a,KO richness,S51,CP,42,7067
Fig3b,COG richness,S51,CP,42,33723
Fig3a,KO richness,S53,CK,42,6861
Fig3b,COG richness,S53,CK,42,31907
Fig3a,KO richness,S54,CK,42,6867
Fig3b,COG richness,S54,CK,42,32016
Fig3a,KO richness,S94,CK,42,6970
Fig3b,COG richness,S94,CK,42,32267
Fig3a,KO richness,S56,TCP,56,7030
Fig3b,COG richness,S56,TCP,56,33858
Fig3a,KO richness,S57,TCP,56,7029
Fig3b,COG richness,S57,TCP,56,33568
Fig3a,KO richness,S95,TCP,56,6963
Fig3b,COG richness,S95,TCP,56,33100
Fig3a,KO richness,S58,TCK,56,6905
Fig3b,COG richness,S58,TCK,56,32438
Fig3a,KO richness,S60,TCK,56,6888
Fig3b,COG richness,S60,TCK,56,32092
Fig3a,KO richness,S96,TCK,56,6866
Fig3b,COG richness,S96,TCK,56,32141
Fig3a,KO richness,S61,CP,56,7145
Fig3b,COG richness,S61,CP,56,33609
Fig3a,KO richness,S62,CP,56,7008
Fig3b,COG richness,S62,CP,56,33636
Fig3a,KO richness,S63,CP,56,6983
Fig3b,COG richness,S63,CP,56,33165
Fig3a,KO richness,S65,CK,56,6916
Fig3b,COG richness,S65,CK,56,32214
Fig3a,KO richness,S66,CK,56,6843
Fig3b,COG richness,S66,CK,56,31888
Fig3a,KO richness,S98,CK,56,6863
Fig3b,COG richness,S98,CK,56,31377
Fig3a,KO richness,S67,TCP,70,7087
Fig3b,COG richness,S67,TCP,70,34022
Fig3a,KO richness,S69,TCP,70,7047
Fig3b,COG richness,S69,TCP,70,33347
Fig3a,KO richness,S99,TCP,70,7073
Fig3b,COG richness,S99,TCP,70,33895
Fig3a,KO richness,S70,TCK,70,6870
Fig3b,COG richness,S70,TCK,70,32081
Fig3a,KO richness,S71,TCK,70,6902
Fig3b,COG richness,S71,TCK,70,31786
Fig3a,KO richness,S72,TCK,70,6917
Fig3b,COG richness,S72,TCK,70,31793
Fig3a,KO richness,S73,CP,70,7004
Fig3b,COG richness,S73,CP,70,33354
Fig3a,KO richness,S74,CP,70,7006
Fig3b,COG richness,S74,CP,70,32777
Fig3a,KO richness,S75,CP,70,6988
Fig3b,COG richness,S75,CP,70,32685
Fig3a,KO richness,S77,CK,70,6945
Fig3b,COG richness,S77,CK,70,32158
Fig3a,KO richness,S78,CK,70,6964
Fig3b,COG richness,S78,CK,70,32140
Fig3a,KO richness,S102,CK,70,6864
Fig3b,COG richness,S102,CK,70,31199
