Profile,Context,Day,SampleID,Treatment,Reference,Distance_type,Aitchison_distance
KO,Unplanted,7,S14,CP,CK,Treatment_to_reference,46.35605235915096
KO,Unplanted,7,S15,CP,CK,Treatment_to_reference,45.97476870326181
KO,Unplanted,7,S13,CP,CK,Treatment_to_reference,46.28383634288205
KO,Unplanted,7,S18,CK,CK,Control_internal,18.70957135022096
KO,Unplanted,7,S82,CK,CK,Control_internal,19.08877608588917
KO,Unplanted,7,S17,CK,CK,Control_internal,19.394865733263845
KO,Unplanted,14,S85,CP,CK,Treatment_to_reference,42.8512237588736
KO,Unplanted,14,S27,CP,CK,Treatment_to_reference,43.37566763624824
KO,Unplanted,14,S26,CP,CK,Treatment_to_reference,42.60565060729082
KO,Unplanted,14,S86,CK,CK,Control_internal,17.825246044702986
KO,Unplanted,14,S30,CK,CK,Control_internal,17.185091293007186
KO,Unplanted,14,S29,CK,CK,Control_internal,16.47868313977496
KO,Unplanted,28,S37,CP,CK,Treatment_to_reference,40.60688062188089
KO,Unplanted,28,S38,CP,CK,Treatment_to_reference,41.51125822681457
KO,Unplanted,28,S39,CP,CK,Treatment_to_reference,41.03514801159854
KO,Unplanted,28,S90,CK,CK,Control_internal,16.839352250969295
KO,Unplanted,28,S42,CK,CK,Control_internal,17.16621167620714
KO,Unplanted,28,S41,CK,CK,Control_internal,17.220022148009093
KO,Unplanted,42,S49,CP,CK,Treatment_to_reference,40.24558473552118
KO,Unplanted,42,S50,CP,CK,Treatment_to_reference,39.94214911232498
KO,Unplanted,42,S51,CP,CK,Treatment_to_reference,41.599056086154434
KO,Unplanted,42,S53,CK,CK,Control_internal,17.39919282104321
KO,Unplanted,42,S54,CK,CK,Control_internal,17.018059733465357
KO,Unplanted,42,S94,CK,CK,Control_internal,17.60476119336992
KO,Unplanted,56,S61,CP,CK,Treatment_to_reference,43.41404728608436
KO,Unplanted,56,S63,CP,CK,Treatment_to_reference,41.0439018305587
KO,Unplanted,56,S62,CP,CK,Treatment_to_reference,40.20281125559878
KO,Unplanted,56,S66,CK,CK,Control_internal,17.068697058382458
KO,Unplanted,56,S98,CK,CK,Control_internal,18.340108968289286
KO,Unplanted,56,S65,CK,CK,Control_internal,16.914774099201992
KO,Unplanted,70,S73,CP,CK,Treatment_to_reference,39.95317589567723
KO,Unplanted,70,S75,CP,CK,Treatment_to_reference,41.062043735948045
KO,Unplanted,70,S74,CP,CK,Treatment_to_reference,40.502198071998976
KO,Unplanted,70,S102,CK,CK,Control_internal,17.698321242711238
KO,Unplanted,70,S77,CK,CK,Control_internal,16.950472003149056
KO,Unplanted,70,S78,CK,CK,Control_internal,17.08021145217613
KO,Tomato-planted,7,S7,TCP,TCK,Treatment_to_reference,46.29663578574733
KO,Tomato-planted,7,S9,TCP,TCK,Treatment_to_reference,48.158782183466215
KO,Tomato-planted,7,S8,TCP,TCK,Treatment_to_reference,46.458472897164185
KO,Tomato-planted,7,S12,TCK,TCK,Control_internal,18.44326298874533
KO,Tomato-planted,7,S80,TCK,TCK,Control_internal,17.202373941640072
KO,Tomato-planted,7,S10,TCK,TCK,Control_internal,16.962827962203697
KO,Tomato-planted,14,S21,TCP,TCK,Treatment_to_reference,45.000182752039905
KO,Tomato-planted,14,S20,TCP,TCK,Treatment_to_reference,44.355562216303305
KO,Tomato-planted,14,S19,TCP,TCK,Treatment_to_reference,44.9175174373313
KO,Tomato-planted,14,S24,TCK,TCK,Control_internal,17.105056737509837
KO,Tomato-planted,14,S23,TCK,TCK,Control_internal,16.929353149519166
KO,Tomato-planted,14,S22,TCK,TCK,Control_internal,16.63856581578563
KO,Tomato-planted,28,S33,TCP,TCK,Treatment_to_reference,43.946502750262326
KO,Tomato-planted,28,S32,TCP,TCK,Treatment_to_reference,45.160112084510786
KO,Tomato-planted,28,S87,TCP,TCK,Treatment_to_reference,45.134333816614514
KO,Tomato-planted,28,S35,TCK,TCK,Control_internal,17.632801951075816
KO,Tomato-planted,28,S88,TCK,TCK,Control_internal,19.92745566728279
KO,Tomato-planted,28,S36,TCK,TCK,Control_internal,17.178272104726304
KO,Tomato-planted,42,S44,TCP,TCK,Treatment_to_reference,45.565506052352184
KO,Tomato-planted,42,S43,TCP,TCK,Treatment_to_reference,43.73612684212731
KO,Tomato-planted,42,S91,TCP,TCK,Treatment_to_reference,43.13262172720136
KO,Tomato-planted,42,S47,TCK,TCK,Control_internal,17.074108563679523
KO,Tomato-planted,42,S48,TCK,TCK,Control_internal,17.122427933718548
KO,Tomato-planted,42,S46,TCK,TCK,Control_internal,17.51249476203839
KO,Tomato-planted,56,S95,TCP,TCK,Treatment_to_reference,43.53242613752955
KO,Tomato-planted,56,S56,TCP,TCK,Treatment_to_reference,43.68358733927495
KO,Tomato-planted,56,S57,TCP,TCK,Treatment_to_reference,45.41584347546213
KO,Tomato-planted,56,S96,TCK,TCK,Control_internal,17.36034799657837
KO,Tomato-planted,56,S58,TCK,TCK,Control_internal,17.26989007849311
KO,Tomato-planted,56,S60,TCK,TCK,Control_internal,17.28271197466559
KO,Tomato-planted,70,S69,TCP,TCK,Treatment_to_reference,47.97615523065109
KO,Tomato-planted,70,S67,TCP,TCK,Treatment_to_reference,45.47631935933655
KO,Tomato-planted,70,S99,TCP,TCK,Treatment_to_reference,45.264073807458466
KO,Tomato-planted,70,S72,TCK,TCK,Control_internal,17.368689273206336
KO,Tomato-planted,70,S70,TCK,TCK,Control_internal,17.9305887487796
KO,Tomato-planted,70,S71,TCK,TCK,Control_internal,17.537711502626056
COG,Unplanted,7,S14,CP,CK,Treatment_to_reference,115.37115530185619
COG,Unplanted,7,S15,CP,CK,Treatment_to_reference,114.59924192782442
COG,Unplanted,7,S13,CP,CK,Treatment_to_reference,114.89207531598665
COG,Unplanted,7,S18,CK,CK,Control_internal,37.45077703279828
COG,Unplanted,7,S82,CK,CK,Control_internal,38.72693942625176
COG,Unplanted,7,S17,CK,CK,Control_internal,37.72363300186703
COG,Unplanted,14,S85,CP,CK,Treatment_to_reference,107.87949346491735
COG,Unplanted,14,S27,CP,CK,Treatment_to_reference,109.3599071848434
COG,Unplanted,14,S26,CP,CK,Treatment_to_reference,107.33191719595786
COG,Unplanted,14,S86,CK,CK,Control_internal,37.932605897478155
COG,Unplanted,14,S30,CK,CK,Control_internal,37.00154811191566
COG,Unplanted,14,S29,CK,CK,Control_internal,36.37260079582222
COG,Unplanted,28,S37,CP,CK,Treatment_to_reference,97.83511262899208
COG,Unplanted,28,S38,CP,CK,Treatment_to_reference,99.42785572550606
COG,Unplanted,28,S39,CP,CK,Treatment_to_reference,97.9788481688887
COG,Unplanted,28,S90,CK,CK,Control_internal,37.02212667107965
COG,Unplanted,28,S42,CK,CK,Control_internal,38.35714961161513
COG,Unplanted,28,S41,CK,CK,Control_internal,37.34424467874655
COG,Unplanted,42,S49,CP,CK,Treatment_to_reference,95.97703352593103
COG,Unplanted,42,S50,CP,CK,Treatment_to_reference,97.23906582164082
COG,Unplanted,42,S51,CP,CK,Treatment_to_reference,98.72340907027125
COG,Unplanted,42,S53,CK,CK,Control_internal,37.876225817369985
COG,Unplanted,42,S54,CK,CK,Control_internal,36.85858779752981
COG,Unplanted,42,S94,CK,CK,Control_internal,38.39330759290127
COG,Unplanted,56,S61,CP,CK,Treatment_to_reference,97.78715497108767
COG,Unplanted,56,S63,CP,CK,Treatment_to_reference,99.97798984980118
COG,Unplanted,56,S62,CP,CK,Treatment_to_reference,97.88258129180103
COG,Unplanted,56,S66,CK,CK,Control_internal,38.2345736299088
COG,Unplanted,56,S98,CK,CK,Control_internal,40.9343336371086
COG,Unplanted,56,S65,CK,CK,Control_internal,37.24954367213896
COG,Unplanted,70,S73,CP,CK,Treatment_to_reference,92.8965609045738
COG,Unplanted,70,S75,CP,CK,Treatment_to_reference,96.92506821779361
COG,Unplanted,70,S74,CP,CK,Treatment_to_reference,93.69158938916853
COG,Unplanted,70,S102,CK,CK,Control_internal,38.30896430622796
COG,Unplanted,70,S77,CK,CK,Control_internal,36.804870513041045
COG,Unplanted,70,S78,CK,CK,Control_internal,36.48358691606384
COG,Tomato-planted,7,S7,TCP,TCK,Treatment_to_reference,116.7115657271168
COG,Tomato-planted,7,S9,TCP,TCK,Treatment_to_reference,122.31313716114582
COG,Tomato-planted,7,S8,TCP,TCK,Treatment_to_reference,118.55009762474745
COG,Tomato-planted,7,S12,TCK,TCK,Control_internal,39.74413148147707
COG,Tomato-planted,7,S80,TCK,TCK,Control_internal,37.71649600191976
COG,Tomato-planted,7,S10,TCK,TCK,Control_internal,37.21664361927674
COG,Tomato-planted,14,S21,TCP,TCK,Treatment_to_reference,113.25815567170079
COG,Tomato-planted,14,S20,TCP,TCK,Treatment_to_reference,113.33790228549422
COG,Tomato-planted,14,S19,TCP,TCK,Treatment_to_reference,113.82866995965783
COG,Tomato-planted,14,S24,TCK,TCK,Control_internal,36.59778821164481
COG,Tomato-planted,14,S23,TCK,TCK,Control_internal,37.60068159283429
COG,Tomato-planted,14,S22,TCK,TCK,Control_internal,36.79634199820778
COG,Tomato-planted,28,S33,TCP,TCK,Treatment_to_reference,107.84099140350082
COG,Tomato-planted,28,S32,TCP,TCK,Treatment_to_reference,109.9594771191478
COG,Tomato-planted,28,S87,TCP,TCK,Treatment_to_reference,109.6789054573737
COG,Tomato-planted,28,S35,TCK,TCK,Control_internal,36.191249893063315
COG,Tomato-planted,28,S88,TCK,TCK,Control_internal,37.040357338507555
COG,Tomato-planted,28,S36,TCK,TCK,Control_internal,36.02402099402034
COG,Tomato-planted,42,S44,TCP,TCK,Treatment_to_reference,109.83078302817657
COG,Tomato-planted,42,S43,TCP,TCK,Treatment_to_reference,107.6843775103812
COG,Tomato-planted,42,S91,TCP,TCK,Treatment_to_reference,104.19535653903542
COG,Tomato-planted,42,S47,TCK,TCK,Control_internal,36.910118240566824
COG,Tomato-planted,42,S48,TCK,TCK,Control_internal,37.5296016321841
COG,Tomato-planted,42,S46,TCK,TCK,Control_internal,38.1075662682113
COG,Tomato-planted,56,S95,TCP,TCK,Treatment_to_reference,106.055888601169
COG,Tomato-planted,56,S56,TCP,TCK,Treatment_to_reference,105.33705698425723
COG,Tomato-planted,56,S57,TCP,TCK,Treatment_to_reference,110.04863709895976
COG,Tomato-planted,56,S96,TCK,TCK,Control_internal,38.146074878434
COG,Tomato-planted,56,S58,TCK,TCK,Control_internal,38.41940961102213
COG,Tomato-planted,56,S60,TCK,TCK,Control_internal,37.38927368676461
COG,Tomato-planted,70,S69,TCP,TCK,Treatment_to_reference,113.63592267135301
COG,Tomato-planted,70,S67,TCP,TCK,Treatment_to_reference,107.0831603463835
COG,Tomato-planted,70,S99,TCP,TCK,Treatment_to_reference,108.69142797625969
COG,Tomato-planted,70,S72,TCK,TCK,Control_internal,37.653902478196294
COG,Tomato-planted,70,S70,TCK,TCK,Control_internal,39.60866030985558
COG,Tomato-planted,70,S71,TCK,TCK,Control_internal,38.87289932560927
