Panel,Profile,Context,Day,Mean_Aitchison_distance,Relative_distance_7d_eq_1
Fig3e,Bacteria,Unplanted,7,242.48881651011095,1.0
Fig3e,Bacteria,Unplanted,14,256.4149663870524,1.0574300707033257
Fig3e,Bacteria,Unplanted,28,262.1354256336047,1.0810206813091299
Fig3e,Bacteria,Unplanted,42,262.7779931384523,1.0836705664217523
Fig3e,Bacteria,Unplanted,56,248.45333565958742,1.0245970896114616
Fig3e,Bacteria,Unplanted,70,255.3890293759426,1.0531992074995087
Fig3f,Bacteria,Tomato-planted,7,249.11972146243295,1.0
Fig3f,Bacteria,Tomato-planted,14,254.7973026703417,1.022790573040862
Fig3f,Bacteria,Tomato-planted,28,263.7406379904402,1.0586903214333114
Fig3f,Bacteria,Tomato-planted,42,261.38889544096344,1.0492501111774912
Fig3f,Bacteria,Tomato-planted,56,255.88503745843127,1.0271568864812597
Fig3f,Bacteria,Tomato-planted,70,259.36074788331314,1.041108854653342
Fig3e,Fungi,Unplanted,7,72.40341366096703,1.0
Fig3e,Fungi,Unplanted,14,75.3113123697284,1.040162453145894
Fig3e,Fungi,Unplanted,28,75.84227479854724,1.0474958425811642
Fig3e,Fungi,Unplanted,42,73.98825231073245,1.0218890045321138
Fig3e,Fungi,Unplanted,56,75.19446204331112,1.0385485744555267
Fig3e,Fungi,Unplanted,70,74.0135569436252,1.0222384995574623
Fig3f,Fungi,Tomato-planted,7,71.99290566328841,1.0
Fig3f,Fungi,Tomato-planted,14,73.03864995767117,1.0145256575595616
Fig3f,Fungi,Tomato-planted,28,76.66965320473716,1.0649612277537726
Fig3f,Fungi,Tomato-planted,42,75.43211254079841,1.0477714692277489
Fig3f,Fungi,Tomato-planted,56,78.62438889670003,1.0921130099183263
Fig3f,Fungi,Tomato-planted,70,79.17248428532034,1.0997261960172977
Fig3e,KO,Unplanted,7,46.20488580176494,1.0
Fig3e,KO,Unplanted,14,42.94418066747088,0.9294294298597854
Fig3e,KO,Unplanted,28,41.051095620097996,0.8884578959078376
Fig3e,KO,Unplanted,42,40.59559664466686,0.8785996532668887
Fig3e,KO,Unplanted,56,41.55358679074728,0.8993331780761595
Fig3e,KO,Unplanted,70,40.505805901208085,0.8766563361933651
Fig3f,KO,Tomato-planted,7,46.971296955459245,1.0
Fig3f,KO,Tomato-planted,14,44.757754135224836,0.9528745646020077
Fig3f,KO,Tomato-planted,28,44.74698288379587,0.9526452489959435
Fig3f,KO,Tomato-planted,42,44.144751540560286,0.9398239861765102
Fig3f,KO,Tomato-planted,56,44.21061898408888,0.9412262775288451
Fig3f,KO,Tomato-planted,70,46.23884946581537,0.9844064878528174
Fig3e,COG,Unplanted,7,114.9541575152224,1.0
Fig3e,COG,Unplanted,14,108.1904392819062,0.9411616040731667
Fig3e,COG,Unplanted,28,98.41393884112894,0.8561146544708208
Fig3e,COG,Unplanted,42,97.31316947261438,0.8465389297444768
Fig3e,COG,Unplanted,56,98.5492420375633,0.8572916732003648
Fig3e,COG,Unplanted,70,94.50440617051198,0.8221051609899152
Fig3f,COG,Tomato-planted,7,119.19160017100336,1.0
Fig3f,COG,Tomato-planted,14,113.4749093056176,0.952037804197745
Fig3f,COG,Tomato-planted,28,109.15979132667411,0.9158345988313213
Fig3f,COG,Tomato-planted,42,107.2368390258644,0.899701311770397
Fig3f,COG,Tomato-planted,56,107.14719422812867,0.8989492050983906
Fig3f,COG,Tomato-planted,70,109.80350366466541,0.9212352506982966
