Panel,Unplanted_defined_class,Context,Day,N_KO,Mean_oriented_effect,SE
Fig4b,Rapid,Unplanted,7,358,0.43050539404230675,0.019618606740346885
Fig4b,Rapid,Unplanted,14,358,0.25236458582223864,0.014251405440159674
Fig4b,Rapid,Unplanted,28,358,0.2011820676650063,0.013379471176287286
Fig4b,Rapid,Unplanted,42,358,0.031047382571081795,0.01194859206313281
Fig4b,Rapid,Unplanted,56,358,0.05409941804030555,0.01435527432042951
Fig4b,Rapid,Unplanted,70,358,0.06441179719750335,0.014177275543792065
Fig4b,Rapid,Tomato-planted,7,358,0.5698151133622172,0.021446200330639348
Fig4b,Rapid,Tomato-planted,14,358,0.38232142037053074,0.01571622506512121
Fig4b,Rapid,Tomato-planted,28,358,0.36903731857765554,0.0144886651239915
Fig4b,Rapid,Tomato-planted,42,358,0.28021824609492746,0.015329265384682654
Fig4b,Rapid,Tomato-planted,56,358,0.30772130064325887,0.016611387091329515
Fig4b,Rapid,Tomato-planted,70,358,0.39862618410351813,0.022190782068403272
Fig4b,Overshoot/reversal,Unplanted,7,142,0.33452672117331694,0.06292501590513148
Fig4b,Overshoot/reversal,Unplanted,14,142,0.04825637264294812,0.048394212716498075
Fig4b,Overshoot/reversal,Unplanted,28,142,-0.17187852622829172,0.037788461653951264
Fig4b,Overshoot/reversal,Unplanted,42,142,-0.4331764397820507,0.0410771821709968
Fig4b,Overshoot/reversal,Unplanted,56,142,-0.4469116391425637,0.03768109493983089
Fig4b,Overshoot/reversal,Unplanted,70,142,-0.4765015996963358,0.038356422155685195
Fig4b,Overshoot/reversal,Tomato-planted,7,142,0.4760951996428041,0.05991364482887691
Fig4b,Overshoot/reversal,Tomato-planted,14,142,0.17140137472897202,0.05659165616152514
Fig4b,Overshoot/reversal,Tomato-planted,28,142,-0.011663530787365555,0.042942405273671734
Fig4b,Overshoot/reversal,Tomato-planted,42,142,-0.08295021204818213,0.04230124906641309
Fig4b,Overshoot/reversal,Tomato-planted,56,142,-0.03554364892214047,0.044660462856496386
Fig4b,Overshoot/reversal,Tomato-planted,70,142,-0.051412286458758324,0.043862731690782183
Fig4b,Gradual/incomplete,Unplanted,7,868,0.7772953513364064,0.013575905887714719
Fig4b,Gradual/incomplete,Unplanted,14,868,0.663261053572181,0.01130365747702699
Fig4b,Gradual/incomplete,Unplanted,28,868,0.6240584217303171,0.010488029148498581
Fig4b,Gradual/incomplete,Unplanted,42,868,0.5123657410201325,0.009786003073926566
Fig4b,Gradual/incomplete,Unplanted,56,868,0.4980534061981824,0.01103188205717316
Fig4b,Gradual/incomplete,Unplanted,70,868,0.4524879790028301,0.011679364953809775
Fig4b,Gradual/incomplete,Tomato-planted,7,868,0.8646324165257796,0.01397913379676937
Fig4b,Gradual/incomplete,Tomato-planted,14,868,0.7689046335097013,0.012924027328065727
Fig4b,Gradual/incomplete,Tomato-planted,28,868,0.7439169564153637,0.012938924769236427
Fig4b,Gradual/incomplete,Tomato-planted,42,868,0.6910258059298158,0.012461425598634961
Fig4b,Gradual/incomplete,Tomato-planted,56,868,0.6967034892017965,0.011744941967235299
Fig4b,Gradual/incomplete,Tomato-planted,70,868,0.7405890356085477,0.014218030921910046
Fig4b,Persistent/strengthened,Unplanted,7,272,1.4494180123062923,0.03185669901492007
Fig4b,Persistent/strengthened,Unplanted,14,272,1.4379133367347328,0.03093677816321064
Fig4b,Persistent/strengthened,Unplanted,28,272,1.3213737557033518,0.03048860317744095
Fig4b,Persistent/strengthened,Unplanted,42,272,1.3911804277828272,0.03183443896407937
Fig4b,Persistent/strengthened,Unplanted,56,272,1.2966466021183893,0.03447514020886922
Fig4b,Persistent/strengthened,Unplanted,70,272,1.1999224023350568,0.03787184473552137
Fig4b,Persistent/strengthened,Tomato-planted,7,272,1.393343793579588,0.03281744445136757
Fig4b,Persistent/strengthened,Tomato-planted,14,272,1.398293269256915,0.0321624456902233
Fig4b,Persistent/strengthened,Tomato-planted,28,272,1.4120787677814342,0.03288956049139989
Fig4b,Persistent/strengthened,Tomato-planted,42,272,1.4069002754860966,0.03342916956368443
Fig4b,Persistent/strengthened,Tomato-planted,56,272,1.4030216432185532,0.03573802186847486
Fig4b,Persistent/strengthened,Tomato-planted,70,272,1.3421201224207853,0.039247193189172934
