Panel,KO,Unplanted_integrated_abs_residual,Tomato_planted_integrated_abs_residual
Fig4d,K24017,0.409814991345262,0.855918447867031
Fig4d,K08352,1.1532279033847,0.990117287059886
Fig4d,K15733,0.701807714015529,1.00377093527962
Fig4d,K13316,0.452879451117307,0.498619460259985
Fig4d,K06898,0.306820340296514,0.455321932218744
Fig4d,K00693,0.265072533530844,0.25614866815764
Fig4d,K00076,0.685707122468867,0.799155027499311
Fig4d,K18593,0.988735960506502,1.12704148211677
Fig4d,K07536,0.445666525592167,0.556626304318066
Fig4d,K10548,0.670782534643334,0.904191602316078
Fig4d,K01218,0.501827542388428,0.773684123359891
Fig4d,K10117,0.736124266061273,0.997022977484718
Fig4d,K15468,0.379240345314015,0.332808995252369
Fig4d,K23980,0.365627863671914,0.378173241127723
Fig4d,K06518,0.279158187821464,0.148394382760721
Fig4d,K06483,0.63720881824106,0.763410904226506
Fig4d,K01539,0.207659449674904,0.310192939584617
Fig4d,K13498,1.20460121770344,1.30162613587026
Fig4d,K06436,0.506692651257459,0.947334801421314
Fig4d,K10111,1.57038212597007,2.25180778307909
Fig4d,K09943,1.10736909184659,0.634265880453922
Fig4d,K17331,0.286311884363402,0.173115333939292
Fig4d,K01302,0.88389063128295,0.918460236862507
Fig4d,K00172,1.71011269408963,1.55765750658538
Fig4d,K11106,1.77956871146608,1.93146138267002
Fig4d,K01896,0.486545772460262,0.451988896025108
Fig4d,K07465,0.86416309043953,0.29976275352359
Fig4d,K14629,0.717956647562113,1.03530830200951
Fig4d,K13931,0.499973528667803,0.607391056273745
Fig4d,K02008,0.271434855024525,0.632473691356317
Fig4d,K06438,0.423701584288687,0.38460284464892
Fig4d,K12444,1.40594413173069,1.48914841899672
Fig4d,K21337,1.33450090650761,1.29568717540998
Fig4d,K03693,0.334512051871666,0.246129419510418
Fig4d,K18429,0.250267144026625,0.232176883229889
Fig4d,K01616,1.26142735690765,1.39988055334145
Fig4d,K15782,0.491691846859769,0.60902965669244
Fig4d,K22215,0.461787068228825,0.413601769752074
Fig4d,K06904,0.685178558897622,0.638656912088413
Fig4d,K04044,0.564174936948742,0.831359682392906
Fig4d,K23508,0.563228848847544,0.314140129192456
Fig4d,K01233,0.596571315605951,0.794237107106804
Fig4d,K21993,0.444913422359489,0.665726351919467
Fig4d,K06720,0.317032600788079,0.399733067136374
Fig4d,K21571,0.464470961771718,0.282798946973087
Fig4d,K07224,0.264439076066729,0.568289317347572
Fig4d,K02082,0.91679261092633,1.0135019158847
Fig4d,K20533,1.02859697422189,0.783371785084815
Fig4d,K08086,0.506414473337259,1.20795964374555
Fig4d,K06218,0.17525780731432,0.153060444194538
Fig4d,K17836,0.862860888437981,1.13507958069362
Fig4d,K17320,0.759034507398231,0.874359039135525
Fig4d,K13592,0.724742124337692,1.02067982464041
Fig4d,K02554,0.106519210992331,0.222862971908242
Fig4d,K22129,0.336094757160264,0.161568019798946
Fig4d,K03426,0.329849905184255,0.77545571911232
Fig4d,K03480,0.297412336704469,0.472002909771447
Fig4d,K22476,0.258787935910352,0.502558763091247
Fig4d,K13283,0.911844574985866,1.30037301169083
Fig4d,K01183,0.331397832600889,0.632564942553179
Fig4d,K05601,0.477969490634339,0.300915606962874
Fig4d,K10525,0.586218294010142,0.726898140049438
Fig4d,K18197,0.182064576363137,0.129847090306147
Fig4d,K10219,0.778711627908488,1.15475668740998
Fig4d,K02475,0.72603362375442,0.645851471858453
Fig4d,K10037,0.347124033898807,0.461934143079372
Fig4d,K21008,0.346908116809371,0.334900009075112
Fig4d,K22343,0.227867425701992,0.383129498518706
Fig4d,K11989,0.245220561647978,0.193413367191753
Fig4d,K20480,0.21454549547466,0.468636932456765
Fig4d,K11616,0.274781826157775,0.391578378276783
Fig4d,K08168,0.896609434405964,1.03722953925639
Fig4d,K03394,0.580222210918024,0.754075639493027
Fig4d,K01095,0.440777879564179,0.659477055180828
Fig4d,K18199,0.794977213235025,0.994085739664023
Fig4d,K03332,0.324993597899996,0.738027040205049
Fig4d,K09693,0.509228755612162,0.66185313644147
Fig4d,K23556,0.498342199083156,0.383633895170524
Fig4d,K21308,0.625639641597678,0.820525200373761
Fig4d,K06382,0.366581445183876,0.456804967813432
Fig4d,K00271,0.121903960742233,0.425569958526645
Fig4d,K14337,0.79612615766416,0.869902068246585
Fig4d,K10541,0.295508306358637,0.270484035720629
Fig4d,K06312,0.520427169259938,0.416848031685524
Fig4d,K03152,0.439529472078981,0.488886898449265
Fig4d,K01941,0.561935154887689,0.85043637570885
Fig4d,K01308,0.400036945341691,0.262201382042659
Fig4d,K06401,0.232798890824594,0.137407312297068
Fig4d,K22112,0.613466755917716,0.722713763036784
Fig4d,K23359,0.824094761543637,1.03264563763885
Fig4d,K15719,0.443087783152464,0.483989677898516
Fig4d,K22293,0.453915820975617,0.894320248713808
Fig4d,K20265,0.283472267492976,0.59638284445945
Fig4d,K06944,1.51706331000068,1.7971157085838
Fig4d,K19242,0.244151428527885,0.224395912514362
Fig4d,K10800,0.49286771196059,0.904093366710909
Fig4d,K22757,0.459878711758033,0.508944933865437
Fig4d,K08167,0.178910326469939,0.363056897129863
Fig4d,K17203,0.710362902466741,1.22116869966161
Fig4d,K15640,0.758978779365321,0.669978492331144
Fig4d,K22551,0.276918729813708,0.292994649127096
Fig4d,K16885,2.21707671362882,2.58965630381277
Fig4d,K07051,0.444489222017506,0.730179279779765
Fig4d,K10009,0.476314970403102,0.999727352919443
Fig4d,K00875,0.885480817192053,1.03523379529076
Fig4d,K09136,0.580645011773355,0.793847204613381
Fig4d,K08221,0.204424057821105,0.617698371758437
Fig4d,K06169,0.459645042901956,0.230357311155849
Fig4d,K23301,1.54140785102256,1.50185655415068
Fig4d,K14253,0.774361959010517,0.855619991549854
Fig4d,K20532,0.939263245308465,0.744576123391174
Fig4d,K08159,0.714124748544383,0.97441750833187
Fig4d,K13063,0.115132174535023,0.508054524478172
Fig4d,K20975,0.760276777254363,1.11877295391355
Fig4d,K22103,0.438132393567168,0.546241877417228
Fig4d,K02073,0.807341138126893,0.757084231328505
Fig4d,K19540,0.378785512623683,0.406643035958666
Fig4d,K23367,0.692779341575616,0.905655197720074
Fig4d,K08988,1.33769927231767,1.61770255755652
Fig4d,K02451,0.587160545138153,0.951598313908478
Fig4d,K02663,0.600326516298593,0.853197468876647
Fig4d,K01312,0.655948616851483,0.302350183006297
Fig4d,K21613,0.2199895403606,0.274200037698104
Fig4d,K00972,0.12801535191228,0.395557914026352
Fig4d,K09976,0.0579619581457272,0.188014550877967
Fig4d,K11630,0.203580970798543,0.19997121779377
Fig4d,K03606,0.743920149984606,1.12362551369803
Fig4d,K00938,0.346935712556036,0.418399514638513
Fig4d,K18353,0.658598599596673,0.758910681503839
Fig4d,K18907,0.158679411880016,0.198248655648478
Fig4d,K16359,0.798695463786566,0.930056568955295
Fig4d,K16647,0.531092357583614,0.511239285362282
Fig4d,K07258,0.217274468437111,0.487030667701181
Fig4d,K17947,0.805504127437187,0.947498724714548
Fig4d,K21935,0.223471996879927,0.257545106635517
Fig4d,K12506,0.586298971139518,0.888786239900224
Fig4d,K03093,0.263616978618241,0.417594890027135
Fig4d,K21393,0.253727560453141,0.443591940540188
Fig4d,K11896,0.527883263866161,0.49855582966506
Fig4d,K16901,0.271529354131172,0.499074048496365
Fig4d,K12429,0.631157155347778,0.955550529387358
Fig4d,K22822,0.550483798346283,0.71712537783941
Fig4d,K02027,0.299640380945508,0.586677063945376
Fig4d,K03563,0.196330005449846,0.145561122616981
Fig4d,K22447,0.870014490888187,1.06733816133256
Fig4d,K11901,0.374087325548328,0.530174230121705
Fig4d,K12979,1.30175168553647,1.20034339580762
Fig4d,K00880,0.888224012533694,0.843657338653822
Fig4d,K06136,0.505605735206872,0.990280684360198
Fig4d,K10241,0.531280875700459,0.768821698588508
Fig4d,K18567,0.198655802400659,0.407952829521165
Fig4d,K06308,0.46589869895189,0.527808376918914
Fig4d,K07228,0.391905700659002,0.653794105743561
Fig4d,K01027,0.232199769999159,0.808895082745564
Fig4d,K10622,0.168258444847505,0.550845094789994
Fig4d,K18013,0.151529516097553,0.209749229475241
Fig4d,K21138,1.03896752080765,0.904337058804658
Fig4d,K13533,0.137498570990332,0.106213602964784
Fig4d,K09936,0.450253515818308,0.720249241045535
Fig4d,K07778,0.231424147931297,0.579382037175259
Fig4d,K22719,0.345309953264103,0.916532047396516
Fig4d,K21209,1.14989780923913,2.25385662444079
Fig4d,K11614,0.411209780341072,0.497285069130518
Fig4d,K19200,0.391895099560026,0.281181601277515
Fig4d,K14671,0.453966464998863,0.691106518068823
Fig4d,K12449,0.665705141615232,0.793040492528108
Fig4d,K12955,0.103559899715592,0.288198302555265
Fig4d,K06214,1.53859372512355,2.05207026155309
Fig4d,K02243,0.243398922316753,0.387361332680301
Fig4d,K09681,0.199887708636537,0.250596630242967
Fig4d,K21887,1.06236305665055,1.14137251085106
Fig4d,K04115,1.88168278294864,2.11216472100128
Fig4d,K09158,0.521146516830247,0.566583276998839
Fig4d,K21273,0.267519824619978,0.430865312531203
Fig4d,K00594,0.606630875580355,0.785148713559315
Fig4d,K02689,2.14821458855711,1.08211211191823
Fig4d,K03090,0.384165583664512,0.787057310590288
Fig4d,K10001,0.82997490629371,0.800792165272686
Fig4d,K23385,0.920936447220077,0.544548102491401
Fig4d,K07321,0.441920552670896,0.866170841315438
Fig4d,K23825,0.848383730676654,0.958391639032618
Fig4d,K03234,0.358315343369051,0.54235351346377
Fig4d,K13875,0.80362126858118,1.08762736200768
Fig4d,K16213,0.240680167197326,0.194432520422469
Fig4d,K13633,0.604499711138369,0.899524949583807
Fig4d,K18482,1.17475899289954,1.61413344599807
Fig4d,K18220,0.277608323875466,0.43804903728689
Fig4d,K14647,0.316788255638687,0.370026502815184
Fig4d,K06967,0.457989501638022,0.451845015166213
Fig4d,K18297,0.564028013547239,0.428240149308447
Fig4d,K07792,1.32223838852563,1.40190880008966
Fig4d,K01014,0.356930514367687,0.497109761026799
Fig4d,K13794,0.256037068885018,0.436266504769745
Fig4d,K17716,0.546175263198805,0.749576117977005
Fig4d,K10697,0.509033896776862,0.365206370563436
Fig4d,K01086,0.244244578300028,0.54210356153233
Fig4d,K16567,1.74026324722146,2.13089249439501
Fig4d,K06957,0.673756130227802,1.0408754576262
Fig4d,K08372,0.118917903954623,0.457683333135847
Fig4d,K21136,0.504254846779706,0.341568664862642
Fig4d,K23509,0.414198051157762,0.616459122871044
Fig4d,K22033,0.317307402143083,0.680721158872303
Fig4d,K10011,1.03049262630078,1.74325672964107
Fig4d,K03048,0.403231151945578,0.487143754415259
Fig4d,K04618,1.07150192669973,1.78083625693355
Fig4d,K14155,0.370925435657226,0.525791800306207
Fig4d,K03414,0.379280767134758,0.667951277250907
Fig4d,K21378,1.39850305872535,1.19940313575049
Fig4d,K00720,0.968507423534795,0.710520652403896
Fig4d,K18553,0.206731882501561,0.538708028278861
Fig4d,K21601,0.229325093638871,0.258031467587346
Fig4d,K06394,0.386448315500591,0.341882383411774
Fig4d,K11407,0.668775108482834,0.742790936109984
Fig4d,K03528,0.558443377250231,0.830266392920625
Fig4d,K12538,0.847520256706545,0.764429703312178
Fig4d,K18234,0.635809781500316,0.773177092372354
Fig4d,K03457,0.180202921966796,0.246067153309272
Fig4d,K06177,0.968698520703558,1.11832936126255
Fig4d,K02706,1.53837004065248,0.389806657346754
Fig4d,K22723,0.496577351165586,0.385580956112438
Fig4d,K07517,0.172375484860697,0.308243908860159
Fig4d,K21284,0.416072858832392,0.722750263200367
Fig4d,K06447,0.882461224174073,1.26415327205651
Fig4d,K02230,0.230465630010005,0.359415727990737
Fig4d,K04788,0.64642624095336,0.683203792749458
Fig4d,K13892,1.54432361332524,1.35927402474759
Fig4d,K02079,0.682019188003911,0.655052883667191
Fig4d,K07068,0.979767084241418,1.15006974097381
Fig4d,K09685,0.25674542559125,0.367751453410303
Fig4d,K06919,0.783944769405989,0.789618371406729
Fig4d,K01155,0.229060406724443,0.133579121747007
Fig4d,K17662,0.948990481425032,1.39142333775513
Fig4d,K21163,0.28109115802733,0.449247902711015
Fig4d,K00840,1.53766823662092,1.66365084809591
Fig4d,K18240,1.00296957044325,0.853798910657188
Fig4d,K11391,0.729634060375518,0.655199402267948
Fig4d,K07791,1.66466821780047,1.50334954784028
Fig4d,K00537,0.606939189796895,0.992362339832418
Fig4d,K07169,2.03269835452416,1.40753859896709
Fig4d,K14251,0.641525039572571,0.703331259246269
Fig4d,K01046,0.565073612002851,0.651688641282172
Fig4d,K19668,0.180107445309071,0.178452241158912
Fig4d,K11987,0.598637325081376,0.649316614546459
Fig4d,K08484,0.934209083285823,1.04649861981774
Fig4d,K00156,0.447664761224627,0.6048167575489
Fig4d,K09801,0.616381678455214,0.465275495660113
Fig4d,K21514,0.526458437712226,0.702419225525166
Fig4d,K19126,0.353439129436798,0.889276488973679
Fig4d,K05782,0.19936706237713,0.276689050070597
Fig4d,K15983,0.53359446560976,0.862220713128797
Fig4d,K13010,0.107175499763451,0.283636216036228
Fig4d,K06383,0.281363790696108,0.323297512164231
Fig4d,K09929,0.908681678875055,0.852386032698283
Fig4d,K01493,0.93054989747167,0.820151689634619
Fig4d,K21619,0.952932905483464,0.950509119110191
Fig4d,K04092,0.367745265125381,0.705211743594544
Fig4d,K22322,0.3452730426771,0.534876607527978
Fig4d,K05996,0.250726475659152,0.616714676166879
Fig4d,K20500,0.872274132781727,1.0283229141667
Fig4d,K21193,2.19447722552129,1.94588224482263
Fig4d,K12420,0.774927635890128,0.770971809060958
Fig4d,K22502,0.783804522589123,0.914190619129451
Fig4d,K02351,0.231770565981525,0.329243905630568
Fig4d,K11159,0.925749929350134,1.5860349517794
Fig4d,K11897,0.29025090803167,0.295907248097414
Fig4d,K11532,0.911328261340496,1.51324698465291
Fig4d,K02844,0.537808696110172,0.82661924119842
Fig4d,K20866,0.221726101597959,0.311296329281498
Fig4d,K07177,0.869860541333505,0.215756845825134
Fig4d,K07652,0.501405395858117,0.547980280795022
Fig4d,K21961,0.719149297544496,1.04248029484486
Fig4d,K06864,0.104915579083971,0.296004431007777
Fig4d,K08222,0.695214759687407,0.587386679338245
Fig4d,K11900,0.404161139820528,0.476348996356959
Fig4d,K09758,1.68710400573373,2.21003517658474
Fig4d,K19563,0.155804053792976,0.246587401796938
Fig4d,K08260,0.681246241717354,0.87856073977383
Fig4d,K11474,0.207628684862114,0.362236193951487
Fig4d,K10006,0.204190316215882,0.444622465711044
Fig4d,K11738,0.594221957803615,0.815903538643738
Fig4d,K08365,1.0759206563246,1.801023152784
Fig4d,K10217,0.214995411011024,0.457483203681481
Fig4d,K15916,0.407173799406249,0.784576678516147
Fig4d,K07034,0.277616043880223,0.48837476614523
Fig4d,K03207,0.390543213068268,0.132592994691277
Fig4d,K23107,0.255093317398587,0.550874624861934
Fig4d,K02244,0.478942436887456,0.266400829336697
Fig4d,K07722,0.982380047286729,1.07033157960754
Fig4d,K06012,0.2520876118811,0.343505157732718
Fig4d,K22705,1.27296028753518,0.75767296060684
Fig4d,K23548,0.233201160240127,0.449310319762557
Fig4d,K00511,0.516736448623216,0.492020643040016
Fig4d,K17993,1.10682238867096,1.20380770348633
Fig4d,K05823,0.961550309292731,0.873645990991621
Fig4d,K04483,0.615040238039759,0.637546862368995
Fig4d,K09967,0.607626920084473,1.14116811815498
Fig4d,K00899,0.6322819300925,0.6651939447971
Fig4d,K01809,0.452467297475008,0.84531509955367
Fig4d,K21251,0.889838795417439,0.516040199116412
Fig4d,K18244,2.45831514982424,2.55396896176426
Fig4d,K21332,1.13613648850963,1.44297051629564
Fig4d,K00216,1.03642709789654,0.583118602723189
Fig4d,K11632,0.289787956182508,0.530307838385387
Fig4d,K23169,0.300499911233439,0.528657999558738
Fig4d,K05889,1.23410249424843,1.89354686743041
Fig4d,K06305,0.351583031170364,0.304797712506332
Fig4d,K22821,0.87344097065642,0.920173935289523
Fig4d,K18030,1.59033815867597,1.86611699768929
Fig4d,K07586,0.655897003578278,0.609527096561138
Fig4d,K18912,0.217310898857908,0.387946752594794
Fig4d,K02069,0.408863983939261,0.206796629117583
Fig4d,K02322,1.32009145962531,1.68729447609412
Fig4d,K02297,1.06350780041472,1.51466567765808
Fig4d,K04712,0.446315182008449,0.587974014781097
Fig4d,K00148,0.613739592928145,0.85784876472733
Fig4d,K16029,1.08077604595468,1.31029158531747
Fig4d,K05337,0.242132685308258,0.629827548170607
Fig4d,K10725,1.19230580529025,1.16200683135734
Fig4d,K05936,0.476976964060105,0.603502767609403
Fig4d,K02361,0.394089047894689,0.659103098101587
Fig4d,K09883,0.755204088913846,1.15808777323465
Fig4d,K07718,0.496826792250796,0.447331405152452
Fig4d,K06398,0.325110091820072,0.451534434248759
Fig4d,K22900,0.635725472629257,0.987691071429083
Fig4d,K22837,0.47773143715544,0.635902349106089
Fig4d,K14257,0.309416311266733,0.135084399504543
Fig4d,K01118,0.649433744989491,1.0538709971913
Fig4d,K09680,0.429139251357482,0.48215760928052
Fig4d,K18007,0.24675679840487,0.698933767897096
Fig4d,K13409,0.768684547467558,1.00261251469709
Fig4d,K23424,0.255380132941763,0.625018074659177
Fig4d,K00485,0.525146595256572,0.764491731887712
Fig4d,K15551,0.97975049870337,0.73657614016161
Fig4d,K20902,0.583235464844225,0.87166595341655
Fig4d,K03700,0.127453700236588,0.321771575583236
Fig4d,K06408,0.354562694574007,0.388631724453011
Fig4d,K05570,0.461455745571278,0.555010467147797
Fig4d,K19979,0.688411060137718,0.884799962189564
Fig4d,K05567,0.690732779581228,0.924990224204784
Fig4d,K22886,1.36269873057308,1.41513371537718
Fig4d,K01506,0.655687264351862,0.841866161805489
Fig4d,K15408,1.22523322723387,1.43175437053588
Fig4d,K21949,0.330286211199655,0.888515326752747
Fig4d,K05565,1.05546867614079,1.15913878086939
Fig4d,K12995,0.329976335250213,0.240847011463425
Fig4d,K03824,0.241106932437331,0.312435840514421
Fig4d,K07274,0.838280502748547,2.10891984299727
Fig4d,K11181,1.35085337029872,1.63864841749274
Fig4d,K18148,0.629573277969824,0.825781078254038
Fig4d,K02458,0.562898185794864,0.776926100407801
Fig4d,K10829,0.380449558084539,0.311929481729436
Fig4d,K16163,0.345586569139633,0.280179920523097
Fig4d,K16396,0.539121174667005,0.760453386382533
Fig4d,K12239,1.19636453928639,1.55220268074181
Fig4d,K02491,0.390661584276764,0.376077817224786
Fig4d,K07150,0.624930418139859,0.648413269966907
Fig4d,K22881,0.956317378138793,0.954038616762421
Fig4d,K02775,1.32715513717635,1.18627706523194
Fig4d,K02599,0.599068386381799,1.13357285723025
Fig4d,K16705,0.352092051220504,0.373377870690014
Fig4d,K16653,2.31156626544521,2.23171611054273
Fig4d,K03464,0.455078720805939,0.839110872753295
Fig4d,K16432,0.687546470170755,0.601907598724901
Fig4d,K01055,0.202836477187262,0.238013056494012
Fig4d,K13541,0.582561900378429,0.804015977237865
Fig4d,K16169,0.533800255453884,0.751065692863008
Fig4d,K21802,0.869690932622695,0.948156071999711
Fig4d,K03617,0.618077597015473,0.820170392727194
Fig4d,K01186,0.475954884598075,0.787894779176426
Fig4d,K02232,0.582746743756857,0.676997957035722
Fig4d,K19338,0.685949761751294,0.332584838968287
Fig4d,K10007,0.102322905291827,0.4499193246191
Fig4d,K15981,1.61223003723365,1.42147552803833
Fig4d,K14414,0.461153309727671,0.565631569949438
Fig4d,K13481,0.497788203658348,0.390073202710971
Fig4d,K15581,0.15848321421974,0.409620574899475
Fig4d,K19231,1.04027219515816,0.655566035404018
Fig4d,K22617,0.906219386081387,1.18972536650326
Fig4d,K09386,0.564161016410861,0.780103525659275
Fig4d,K15973,2.09944388753339,1.86361829043435
Fig4d,K15876,0.401924172337589,0.349121884573214
Fig4d,K07000,0.3780136763827,0.221199229142055
Fig4d,K02381,0.533263288544558,0.298153163208677
Fig4d,K10234,0.589564682959678,1.06461957393535
Fig4d,K20238,0.331939380588345,0.456323699622275
Fig4d,K05913,0.26913926837598,0.391020343826379
Fig4d,K01788,0.618186671275426,0.845623574482801
Fig4d,K16698,0.527210468436902,0.520115980373442
Fig4d,K14291,0.507977591050318,0.532422749989963
Fig4d,K20531,0.759835707486058,0.473576435634312
Fig4d,K02659,0.53049031404323,0.941248708416249
Fig4d,K00009,0.583132536144631,0.244224098959714
Fig4d,K00248,0.488335765890165,0.687498430093513
Fig4d,K00116,0.621465307246114,0.7023144933479
Fig4d,K18547,0.542711282687641,0.70760439663843
Fig4d,K08955,0.206452119139731,0.451643661973057
Fig4d,K15671,0.388040589264642,0.741696878656115
Fig4d,K06155,0.587143416710513,0.451063230042901
Fig4d,K06203,0.388164111924781,0.650798399045464
Fig4d,K20896,0.36738751775973,0.281949364770941
Fig4d,K01659,0.99725722344007,1.39762174384466
Fig4d,K06313,0.308804472030246,0.419667050399239
Fig4d,K07673,1.89251335636392,1.75380950454546
Fig4d,K03933,0.76111999412956,0.854032380267964
Fig4d,K07009,0.393888753850299,0.785797527485289
Fig4d,K19068,0.644493040818403,0.964187763668766
Fig4d,K22907,0.491616199220589,0.821752544650877
Fig4d,K05562,0.996392752676787,0.791718979086504
Fig4d,K07816,1.3932220091539,0.86598166671317
Fig4d,K02071,0.288604226609873,0.636516880358453
Fig4d,K01457,0.643465914863094,1.36774307377565
Fig4d,K10107,0.957582612276133,1.16932044645145
Fig4d,K06189,0.741506842961408,1.06395164605564
Fig4d,K08100,0.732149714176883,0.50228582260188
Fig4d,K18115,0.473080182312622,0.756996990004543
Fig4d,K23342,0.459297290272058,0.409656093431319
Fig4d,K13525,0.438862875979853,0.758813457421149
Fig4d,K16080,1.56062195734446,1.63565879900767
Fig4d,K13935,0.622342818461858,0.579557716676802
Fig4d,K23555,0.370340980335888,0.552809025241983
Fig4d,K11250,0.815552264410619,0.868094218313043
Fig4d,K06718,0.351770139537197,0.272889802228913
Fig4d,K20326,1.27000019621409,1.48309258005124
Fig4d,K22462,0.325259135955677,0.469887654137627
Fig4d,K02227,0.260102967834782,0.300326306174933
Fig4d,K02120,0.440950568458524,0.900495921254206
Fig4d,K02613,0.436312640893633,0.937483759998901
Fig4d,K03367,0.966515155214844,1.1030871880814
Fig4d,K03852,1.37333755009517,1.51100483076748
Fig4d,K20331,0.442716841076456,0.783359342576774
Fig4d,K00096,0.619294916758102,0.792118951021891
Fig4d,K18352,0.842739168648234,1.02576563530452
Fig4d,K03557,1.01013557560329,1.1715093848556
Fig4d,K02063,0.42212285061554,0.358615130199355
Fig4d,K03293,0.373893334134617,0.532066007362414
Fig4d,K02300,1.00175770781214,1.06162972693824
Fig4d,K04719,0.37279006257913,0.439161777552611
Fig4d,K14338,1.03633831894182,0.33839274697016
Fig4d,K00114,1.46314144428452,1.88576122097362
Fig4d,K18831,0.528623039407612,0.46244892272407
Fig4d,K02319,0.843421767163743,0.982663894835641
Fig4d,K05967,0.410533832867112,0.547917032099005
Fig4d,K07458,0.620413793624188,1.07734700128898
Fig4d,K03633,0.550442662870415,0.288938171223524
Fig4d,K14187,0.759079444370507,1.72351788445575
Fig4d,K07645,0.262985264338648,0.351915996975616
Fig4d,K16383,0.944330726597129,0.910819084705683
Fig4d,K07123,0.172155103424147,0.243903774765864
Fig4d,K07287,0.644415222970871,0.936754548300736
Fig4d,K11621,0.383255860180789,0.398127538936778
Fig4d,K21960,0.849338351690258,0.92789473045021
Fig4d,K22222,0.295120406698982,0.189115872020081
Fig4d,K07396,0.229475784788793,0.376310998862232
Fig4d,K07285,0.856244351761662,0.764568767824193
Fig4d,K22452,0.406379826075747,0.922221682059761
Fig4d,K03804,0.671651452982817,0.67889953905173
Fig4d,K07720,0.445331780001384,0.305207569351674
Fig4d,K09684,0.319561037873778,0.691066696348105
Fig4d,K04027,0.279536095454125,0.575450495684397
Fig4d,K09799,0.268366694768338,0.560846006707915
Fig4d,K09934,0.582933402477392,0.734005394052655
Fig4d,K15833,0.475217454357129,0.352641942138771
Fig4d,K02363,0.977863896342797,1.27130394692446
Fig4d,K10118,0.798130888365166,1.05718245902587
Fig4d,K06345,0.227089840551709,0.370751926455461
Fig4d,K01223,0.14900831031318,0.193034236153036
Fig4d,K06387,0.325348044122073,0.38616210384001
Fig4d,K16429,0.940366489384081,0.774735162758984
Fig4d,K06399,0.257845323508377,0.425522784780969
Fig4d,K01406,0.882689025752179,1.20766758600797
Fig4d,K09987,0.863719051000483,1.2604675601399
Fig4d,K21336,1.35840023384801,1.55596460809155
Fig4d,K19221,0.290188617363444,0.390658954600639
Fig4d,K01230,1.16504840534259,2.15070896868303
Fig4d,K10003,0.722492325681893,0.89223919293446
Fig4d,K07448,0.373226784584126,0.506358655072658
Fig4d,K06385,0.235388975299848,0.368620337232231
Fig4d,K15781,0.745396491697255,0.431780529945755
Fig4d,K10710,0.443540755950966,0.151225445810046
Fig4d,K21885,0.599216902271778,0.200531750899333
Fig4d,K21700,0.346498593404285,0.343410065082108
Fig4d,K04103,1.82203858926908,1.94228018688917
Fig4d,K15315,0.342908684204657,0.515364492936023
Fig4d,K05882,0.376987499376227,0.635340860917421
Fig4d,K01184,0.294795069990726,0.621248714054872
Fig4d,K05552,0.576530578853657,0.798588459387828
Fig4d,K00360,0.12614111144783,0.415155879141199
Fig4d,K21449,0.334516559099721,0.360675451592839
Fig4d,K03893,0.717580156897968,0.681419491710229
Fig4d,K15982,0.589287815766619,0.737668727581837
Fig4d,K03690,0.762995623105917,0.985020268778508
Fig4d,K07704,0.424057073272276,0.264114627649376
Fig4d,K17223,0.777835060454228,1.12341430533508
Fig4d,K06314,0.207939870688263,0.375887983389898
Fig4d,K02025,0.240819148672814,0.575110822480541
Fig4d,K23086,0.954449030686629,0.9600869178897
Fig4d,K03228,1.5767608688882,0.813492196971032
Fig4d,K04766,0.26642407529861,0.306307372561015
Fig4d,K18233,0.558887986868061,0.737250671305257
Fig4d,K18230,0.254497941127,0.400016808313753
Fig4d,K12111,0.387742910980649,0.420336832635542
Fig4d,K08169,1.04024156887246,1.49875421764393
Fig4d,K15515,1.52340180228461,1.68710298302476
Fig4d,K03897,0.431586159441857,0.668203125249802
Fig4d,K14259,0.720580703894316,0.574271024138538
Fig4d,K03212,0.230627467314173,0.277352144924032
Fig4d,K02298,1.04788718113572,1.37625858210249
Fig4d,K14534,0.20509549573628,0.446254976719032
Fig4d,K06397,0.468179559402998,0.27198098891683
Fig4d,K19132,0.743732570841433,0.554665703673322
Fig4d,K13639,0.282033125121287,0.371456938228547
Fig4d,K15314,0.132401673191159,0.31052287448287
Fig4d,K21331,0.43419598132909,0.421225261663436
Fig4d,K00558,0.644791383888485,0.676108189580616
Fig4d,K06965,0.555000475020461,0.539824140132226
Fig4d,K07116,0.383604088137234,0.743026292915428
Fig4d,K13687,0.324165582272923,0.440438484760808
Fig4d,K17641,0.334291618902511,0.598805989469662
Fig4d,K18351,0.339090168738035,0.819085691395546
Fig4d,K10212,0.636850314261481,0.48755680965668
Fig4d,K08965,0.171158004394866,0.247139737250108
Fig4d,K16021,0.760258727297806,0.723458710028054
Fig4d,K09985,1.09694468141063,1.5422065049212
Fig4d,K05979,0.516413146058571,0.61258100473388
Fig4d,K20422,1.006702927632,1.09683647698654
Fig4d,K11816,0.331474629484003,0.149791575855628
Fig4d,K11624,0.354666734522664,0.573975821436705
Fig4d,K06560,0.259573720136347,0.140531270966675
Fig4d,K00354,0.333430219381037,0.353933217929742
Fig4d,K09744,0.369597143482521,0.292900721106455
Fig4d,K18855,0.49248953325471,0.408284478920734
Fig4d,K09879,0.51460548921936,0.716089802828303
Fig4d,K01429,0.165840775034356,0.316028900805661
Fig4d,K13503,0.273256765775022,0.530257751713647
Fig4d,K18072,0.695783601093921,1.7604070385983
Fig4d,K16425,0.387283836493905,0.656610391246152
Fig4d,K16018,0.441126000890774,0.356673971088425
Fig4d,K10565,0.117525158783449,0.234293272071143
Fig4d,K05781,0.290102133635044,0.621773031691533
Fig4d,K00055,0.23313898424368,0.32149825777272
Fig4d,K22879,0.601051518367224,1.11932431244248
Fig4d,K11626,0.350814091643635,0.547517974229823
Fig4d,K15922,1.80979129863975,1.21092512303437
Fig4d,K03737,0.744068945013455,0.757970277930757
Fig4d,K05916,0.384710468811008,0.552651492393842
Fig4d,K23078,0.343361040032294,0.222179126170548
Fig4d,K00177,0.148207590308097,0.261029570295168
Fig4d,K06209,0.127773397166114,0.279838074988543
Fig4d,K15337,0.542147488226039,0.633790272776326
Fig4d,K07506,0.377556496831309,0.315402458479523
Fig4d,K05375,0.125932665311982,0.228905118741144
Fig4d,K19746,1.00264812935859,1.53844014062255
Fig4d,K16838,0.416033783758082,0.42684804685941
Fig4d,K07558,0.602769125192798,0.802766757963602
Fig4d,K12813,0.764583321988215,0.989776798030456
Fig4d,K07794,0.187453656913847,0.318705069530574
Fig4d,K07457,0.654714077903763,0.72693827122086
Fig4d,K06296,0.607604908117099,0.735591895141426
Fig4d,K21833,0.529200866995679,0.393377513690387
Fig4d,K06977,0.692407159447259,1.08367605017174
Fig4d,K00841,0.184165891610662,0.226222762936236
Fig4d,K15524,0.397367209842485,0.470082659244256
Fig4d,K18369,0.52340494116504,0.247681152416281
Fig4d,K04074,0.220975854258564,0.263932611436419
Fig4d,K22686,0.966766522094222,2.19926441878077
Fig4d,K02086,0.261059855941775,0.326898327342742
Fig4d,K04030,0.442257587434918,0.328986081242744
Fig4d,K03319,1.14905674231121,1.42455579037185
Fig4d,K21014,0.380831242904782,0.662628808090358
Fig4d,K05365,1.10467095797754,1.3917405204866
Fig4d,K00853,0.301148389774754,0.584131299415709
Fig4d,K01436,0.435964079220591,0.559889497303775
Fig4d,K01678,1.16757862318018,1.00587558670716
Fig4d,K00867,0.905773945234517,1.05356914052658
Fig4d,K21119,0.545371191172118,0.756585676335963
Fig4d,K07014,1.03212737843302,1.87736562066193
Fig4d,K21394,0.290207947762809,0.225261411240959
Fig4d,K10190,0.930115727550062,1.11213744805389
Fig4d,K01648,1.1031771687337,1.1084166192868
Fig4d,K02770,0.360431399197667,0.252250388411021
Fig4d,K07407,0.268606491932083,0.53310973222566
Fig4d,K17677,0.781895683826324,0.884432502273445
Fig4d,K23257,0.223847537175745,0.291097942152317
Fig4d,K17244,0.346731704728785,0.289788775444595
Fig4d,K07662,0.917857688962902,1.04559186499454
Fig4d,K10564,0.586772625118047,0.643275164887673
Fig4d,K02224,0.321594502079972,0.563254381415063
Fig4d,K14581,0.36509361213254,0.501577412883032
Fig4d,K00710,0.399803033937036,0.643329483547306
Fig4d,K13018,0.789444286782834,0.555689150644265
Fig4d,K03181,0.70877268498755,0.860405964784028
Fig4d,K01730,0.27411036400302,0.229581112405451
Fig4d,K18778,0.583957820639428,1.40997958239312
Fig4d,K08724,0.550784327715172,0.592661428173789
Fig4d,K08640,0.316384365170454,0.605293463740767
Fig4d,K06985,1.00286889179399,1.3422387856575
Fig4d,K17883,0.983795206006572,0.904045622724929
Fig4d,K04769,0.355633572916341,0.504253187187161
Fig4d,K16435,0.460280686770008,0.598204688432646
Fig4d,K01400,0.183767161725936,0.211172193130514
Fig4d,K23786,0.171793373392068,0.355575244610243
Fig4d,K00226,0.868635755840496,1.05088399384859
Fig4d,K14268,0.279580047702337,0.417571218852714
Fig4d,K15531,0.292431018829554,0.435368381255999
Fig4d,K21465,0.606645560521803,0.517730031388039
Fig4d,K12308,0.647832473475558,0.846442664852806
Fig4d,K13532,0.128393015579023,0.394662866029706
Fig4d,K16384,0.268246331245737,0.851330913623925
Fig4d,K13612,0.504925012755316,0.368866807020243
Fig4d,K10537,0.222047440659382,0.152516156450796
Fig4d,K03466,0.19477323041514,0.446703550477095
Fig4d,K07717,0.357207860030682,0.60594382483453
Fig4d,K01496,0.0978220756514097,0.357938257185509
Fig4d,K02521,0.411025412954997,0.489842507238437
Fig4d,K09923,0.237021634374494,0.347510996073564
Fig4d,K05829,0.246711802500543,0.298172055337546
Fig4d,K22130,0.67097061248184,0.594917498766226
Fig4d,K00836,0.55334569165816,0.604025501505131
Fig4d,K18336,0.221706641828449,0.177116172578326
Fig4d,K16027,0.955341918611646,1.21163502728909
Fig4d,K21686,1.23249651363777,1.75133601001836
Fig4d,K03791,0.18918718335096,0.324335108278349
Fig4d,K23774,0.396425293523532,0.350951117848645
Fig4d,K06284,0.657143873667316,0.422625201527472
Fig4d,K06384,0.247328756984504,0.230294290028655
Fig4d,K15019,0.496302564941599,0.67423445779553
Fig4d,K07663,0.823352270953269,0.763544529107299
Fig4d,K06443,0.55195419884327,0.82310112706215
Fig4d,K16428,1.31298683916239,1.10647404949139
Fig4d,K22298,0.383314587652233,0.515944511169019
Fig4d,K06905,1.22066753039695,1.52333471185558
Fig4d,K05714,0.369452118891096,0.42835259023862
Fig4d,K03167,1.71045956705425,2.16325818778906
Fig4d,K16648,0.582305876657382,0.21911619417341
Fig4d,K01590,0.523604706146163,0.646807125414707
Fig4d,K16421,0.398718135739605,0.631732904191417
Fig4d,K12283,0.465407872039835,1.14292284022255
Fig4d,K07695,0.587831151362359,0.778809624078784
Fig4d,K19545,0.435544543578626,0.610321888778899
Fig4d,K03759,0.351408018579813,0.233677314447199
Fig4d,K17235,0.229086876058448,0.30809340737488
Fig4d,K04091,1.02325260814468,1.12774938742146
Fig4d,K17840,0.293487099952368,0.244006351142194
Fig4d,K11740,1.70417039897044,2.06636372969597
Fig4d,K00314,0.318665858332487,0.349927886795469
Fig4d,K12685,0.267030265578715,0.707758737949809
Fig4d,K01489,0.592748539481968,0.839366948164146
Fig4d,K16328,0.547269209856089,0.68815212250744
Fig4d,K07074,0.653479005261121,0.743868651839668
Fig4d,K00213,0.349541819777422,0.467566917425326
Fig4d,K06325,0.748674393235503,0.783830719162293
Fig4d,K05793,0.563459458186717,0.775520693607444
Fig4d,K18334,0.425140880346425,0.603418139977846
Fig4d,K16434,0.541260278685416,0.57424874553298
Fig4d,K17319,0.707230687448225,0.811525819764329
Fig4d,K09935,0.52213091510959,0.721002910416753
Fig4d,K01631,0.833158179344035,1.00245681977919
Fig4d,K13583,0.822072507003835,1.61226777719645
Fig4d,K00571,0.891192168694706,0.622713470006764
Fig4d,K20754,0.691412631016479,0.955674135745777
Fig4d,K19355,0.321389939850295,0.460324779099715
Fig4d,K09141,0.247485625790593,0.342573835395668
Fig4d,K18214,0.530764722237521,0.662992962211877
Fig4d,K03763,0.250027062606794,0.453458539071801
Fig4d,K14136,2.24189826194373,2.16596851647371
Fig4d,K21966,1.02223256194919,1.24020926014297
Fig4d,K01664,0.148243465656668,0.308940963827134
Fig4d,K16438,0.723182763562908,0.735906875642025
Fig4d,K10353,1.30079238419862,1.00913026466086
Fig4d,K01178,0.621608758361472,0.360527207226874
Fig4d,K11783,0.369693257269019,0.496703561476169
Fig4d,K05895,0.422986966394379,0.627231459094443
Fig4d,K06377,0.492951569899746,0.775881191894962
Fig4d,K02121,0.455283955096592,0.310773672080959
Fig4d,K15329,0.545875351271598,0.73556719550032
Fig4d,K17876,0.805844713742589,0.700077781931468
Fig4d,K02081,0.518025025129311,0.707416310497119
Fig4d,K18545,0.76148898390465,1.0070083826814
Fig4d,K16049,0.723932693397388,0.645175863637101
Fig4d,K18827,0.843324193621483,0.925320920106517
Fig4d,K05825,0.437394273329801,0.71242815101256
Fig4d,K23549,0.233082016813328,0.245605757391277
Fig4d,K18554,0.33642224746851,0.681854844513157
Fig4d,K09157,0.508727130258127,0.511863347555467
Fig4d,K03739,0.806505194226072,1.08992284960017
Fig4d,K08992,0.336585809947715,0.365439443355702
Fig4d,K01707,0.425610547421814,0.658385254929847
Fig4d,K06328,0.302774662553168,0.401506010953171
Fig4d,K09723,0.978021711050062,0.79955349254789
Fig4d,K00477,1.01067150339361,1.14444008358959
Fig4d,K00563,0.173920879503947,0.458851380774496
Fig4d,K22336,0.759760569355998,0.450522164247146
Fig4d,K15518,0.299803931257918,0.513672421650912
Fig4d,K03339,0.324039635934017,0.262965814719207
Fig4d,K03826,0.452641428477702,0.458064945642646
Fig4d,K13014,1.01735828011303,1.12950244735836
Fig4d,K13049,0.7939446075531,1.0532227309223
Fig4d,K12543,0.724153617162363,0.994872668977275
Fig4d,K22349,0.857664875203139,0.511027637133242
Fig4d,K02000,0.1959962062244,0.461629824430038
Fig4d,K03761,1.03275257348508,1.56177878219723
Fig4d,K01725,0.768932182057251,1.79319923687274
Fig4d,K21224,1.26599325126834,1.10410459880701
Fig4d,K02424,0.551549162617544,0.64607270721728
Fig4d,K16423,0.356876817017331,0.715059381485612
Fig4d,K06286,0.248363581917187,0.453429369713165
Fig4d,K22969,0.329116122023181,0.539624084716618
Fig4d,K15868,0.38275432672411,0.426419225864964
Fig4d,K02015,0.513282934444506,0.716356724782337
Fig4d,K02650,0.631397685716437,1.11465992541322
Fig4d,K04767,0.339098365381069,0.636899250850428
Fig4d,K07156,0.532099020238016,0.7449852359798
Fig4d,K00365,1.70465294588554,1.59280147032209
Fig4d,K06865,0.662272154233309,0.528173834214266
Fig4d,K13731,0.22709214616056,0.312179147898552
Fig4d,K16937,0.238949541388328,0.455661669535831
Fig4d,K06202,0.401896787266257,0.600887321302807
Fig4d,K00556,0.96179810161815,0.414719338607198
Fig4d,K16117,0.965303322530064,1.09766446332195
Fig4d,K06995,0.485039826230315,0.884536992515725
Fig4d,K17763,1.03437977108411,0.958099307667216
Fig4d,K03271,0.368542149813491,0.474072502369757
Fig4d,K00038,0.666105082022758,0.723607219279545
Fig4d,K06726,0.879104301139395,0.885882543234963
Fig4d,K14340,0.820453249176775,0.913992211548659
Fig4d,K14743,0.5515310705862,0.694652201403793
Fig4d,K07640,0.638102070747192,0.559095629038194
Fig4d,K11923,0.39067727376183,0.505649852968221
Fig4d,K01497,0.938359427541098,1.08794915691056
Fig4d,K01001,0.735183269294679,0.850800978868496
Fig4d,K00301,0.403811140661685,0.443231044634872
Fig4d,K03746,0.450309916493657,0.329340847993527
Fig4d,K09815,0.208007966370469,0.251529168108737
Fig4d,K00479,0.132660043936737,0.377493910670804
Fig4d,K22952,0.28565526496736,0.610188300359047
Fig4d,K22553,0.198737651915132,0.310921914993087
Fig4d,K09692,0.521869654251606,0.744397723165457
Fig4d,K05341,0.493452148369396,0.46458860405842
Fig4d,K21214,0.514727651786048,0.69853627386648
Fig4d,K07719,0.319304197520608,0.392073111459591
Fig4d,K09822,0.209667703823817,0.257029455180711
Fig4d,K21687,0.413249961157788,0.235557840163271
Fig4d,K05898,0.539378113512052,0.70215812092548
Fig4d,K02281,0.876811900638567,1.16754260886062
Fig4d,K05792,0.474029327960865,0.606750674693757
Fig4d,K14669,0.307119673680927,0.509556321297729
Fig4d,K18851,0.761685488738102,0.62312313751439
Fig4d,K21165,2.05993109495475,1.6669612911725
Fig4d,K00131,0.253875271820548,0.356746144681056
Fig4d,K18955,0.248055561265741,0.628605100971278
Fig4d,K13507,1.41228361004648,1.39095523852458
Fig4d,K23874,0.74797041825363,1.17726936929883
Fig4d,K21467,0.191094894673877,0.256198433655461
Fig4d,K06349,0.354091812753879,0.211023478331009
Fig4d,K01569,0.380137517321978,0.710595457692582
Fig4d,K16331,0.816827323504993,1.01434960180046
Fig4d,K05795,0.604442641229934,0.712973227651936
Fig4d,K07693,0.263182785627723,0.529309313700598
Fig4d,K23725,0.508296932651435,0.716883377651398
Fig4d,K00646,0.95424812641179,0.91632035536896
Fig4d,K01200,0.696121935023823,1.01083398610043
Fig4d,K03404,0.3057945965208,0.361211994340934
Fig4d,K18688,0.747191341381418,0.767669374768236
Fig4d,K19742,1.66909545059642,1.09990089379023
Fig4d,K13671,0.323246385903668,0.624015174277448
Fig4d,K03465,0.641215295399762,0.588159139549849
Fig4d,K15642,0.532219159492869,0.913550050769958
Fig4d,K23227,0.317361123595607,0.217560777940928
Fig4d,K04772,0.470405474358718,0.935158517931513
Fig4d,K10202,0.583774671532156,0.961061117362552
Fig4d,K10215,0.608919472953946,0.706663403960679
Fig4d,K02634,1.79311857098986,0.665469619611426
Fig4d,K07454,0.45144421031684,0.650708887416812
Fig4d,K15921,0.669357354249674,0.802484412499648
Fig4d,K03006,0.392110319607841,0.56574874160214
Fig4d,K02315,0.381615886658588,0.445457901170791
Fig4d,K02568,0.218263395056754,0.417695258842331
Fig4d,K09962,0.524678875938334,0.664301761137297
Fig4d,K06903,0.7884929769504,0.794665249015372
Fig4d,K03272,0.541308084738318,0.720066465842605
Fig4d,K09607,0.149557210508658,0.411018662292658
Fig4d,K16301,0.270518138261119,0.589563305642505
Fig4d,K07504,0.487517551108343,0.500809983132065
Fig4d,K07241,1.69965905097831,1.35316579134906
Fig4d,K09925,0.577676686714873,0.778864447923207
Fig4d,K09794,0.404452559665237,0.302798608165967
Fig4d,K02703,2.60487636221732,1.59291690957184
Fig4d,K09667,0.669144410022995,1.49059733635894
Fig4d,K19125,0.34041970261886,0.491061124330231
Fig4d,K00435,1.45315767168886,1.64289342673125
Fig4d,K06909,2.28042751133476,1.63978844359249
Fig4d,K19714,0.262721731038949,0.227945943364379
Fig4d,K04093,0.317467396296016,0.706619543063639
Fig4d,K06950,0.619558418495264,0.802005103374599
Fig4d,K20483,0.31034320344291,0.296734341935297
Fig4d,K01066,0.489777860302789,0.544496371083582
Fig4d,K01082,0.453182240960863,0.779951767717654
Fig4d,K23393,0.52473480998043,0.773835952978161
Fig4d,K10200,0.560943824940758,0.858724921109433
Fig4d,K22446,0.603575486092911,0.702215465205564
Fig4d,K14392,0.333059002829235,0.323463508199621
Fig4d,K13634,0.507532584541451,1.38665312813149
Fig4d,K00887,0.376257215633551,0.540620958977417
Fig4d,K22614,0.690387075853109,0.730025670886355
Fig4d,K06298,0.36994559581869,0.291685537480217
Fig4d,K11962,0.400340503841475,0.433619594662655
Fig4d,K02009,0.267644079269539,0.263024727243194
Fig4d,K18208,0.700458553453032,0.865484621943594
Fig4d,K00869,0.84152042985449,0.542626700415449
Fig4d,K22250,0.594559682073831,1.11440453746125
Fig4d,K04116,1.54475851364814,1.47603872082315
Fig4d,K07075,0.386919996228185,0.145919691699462
Fig4d,K06297,0.613175306066293,0.569746860598958
Fig4d,K22818,0.854742301516913,0.979155571466368
Fig4d,K05637,0.819254768461873,0.735480373092572
Fig4d,K21162,0.854556113623013,1.09869710312439
Fig4d,K04098,0.39920347770625,0.461015980655133
Fig4d,K07118,0.33701289014481,0.594727637364346
Fig4d,K06609,0.236229073369079,0.300691930153106
Fig4d,K07015,0.236792110286907,0.116495870168046
Fig4d,K05551,0.444655963052742,0.654070011821039
Fig4d,K16074,0.880230182085838,0.799291480101368
Fig4d,K02013,0.486414016803519,0.749434157621012
Fig4d,K06386,0.529134701147359,0.441756737359632
Fig4d,K01865,0.620269369479001,0.93502601974413
Fig4d,K13889,2.16982574174475,2.51973206730639
Fig4d,K11780,0.830112590753573,0.708111544289511
Fig4d,K01666,0.267409179035341,0.588888094636385
Fig4d,K00661,1.03813312009486,1.17132568025258
Fig4d,K06211,0.519433360861977,0.691978964419412
Fig4d,K08966,0.259153977798235,0.468525399364616
Fig4d,K21962,0.38490508828706,0.649093548073697
Fig4d,K10002,0.67471078514958,1.01236778358649
Fig4d,K05791,0.419337737219377,0.371143678170203
Fig4d,K04782,1.581293020864,2.00093020602612
Fig4d,K11893,0.26812927470855,0.209500875432025
Fig4d,K11735,0.858644144542846,1.22214477316536
Fig4d,K09859,0.302620128884928,0.330078849775296
Fig4d,K22797,1.06922571375581,0.87487563389993
Fig4d,K07225,0.881744989308613,1.20460832777327
Fig4d,K15582,0.349521079832792,0.511361949999619
Fig4d,K06295,0.585779972082504,0.643276073129325
Fig4d,K09706,0.0739617094409576,0.190463821668691
Fig4d,K02072,0.511726761894063,0.748638227229659
Fig4d,K16431,0.306042107509361,0.192470301603975
Fig4d,K15313,0.694980552688656,0.685180133251093
Fig4d,K02704,1.37572165307146,0.577506360990425
Fig4d,K02768,0.456980741342644,0.604469303802814
Fig4d,K10119,0.82752330124256,1.02918821760937
Fig4d,K13853,0.380985913623013,0.404987959326939
Fig4d,K05776,0.724997809577451,1.08194562577857
Fig4d,K00046,0.932614014347486,0.977019378802926
Fig4d,K16704,1.40303119694945,1.33424680315637
Fig4d,K02001,0.263572045514571,0.43481483132286
Fig4d,K18382,1.08549109198487,1.0794248968753
Fig4d,K11947,0.659007628177346,1.01724541795491
Fig4d,K09966,0.846563434514386,1.05561970106988
Fig4d,K07217,0.385569475278768,0.287445332007868
Fig4d,K06310,0.32828172913022,0.325881585065156
Fig4d,K21178,1.74307478435912,1.36255309813902
Fig4d,K07151,0.961657433572467,0.812411299174302
Fig4d,K11703,0.531036325234977,1.1102779315657
Fig4d,K11689,0.790622000199019,0.980427988177387
Fig4d,K01846,0.965025167282731,0.715112957991225
Fig4d,K11617,0.741400000388766,0.591762469535217
Fig4d,K01414,0.65060713654313,1.30673111597076
Fig4d,K02671,0.442978881281362,0.794497460544777
Fig4d,K04065,0.683038584728737,1.15089876578989
Fig4d,K08164,0.186075595669196,0.368188188427442
Fig4d,K00084,0.546938611016103,0.718046880558445
Fig4d,K16697,0.332160640233747,0.423073871852737
Fig4d,K21744,0.632156473485864,0.675099784825527
Fig4d,K07455,0.775843253444557,0.621436344530002
Fig4d,K05541,0.228812893555897,0.363128103400424
Fig4d,K03223,0.771090954462421,0.465386880964387
Fig4d,K02228,0.533938295444073,0.674720991846885
Fig4d,K00561,0.523591728256614,0.952508926435482
Fig4d,K20423,0.820202523150703,1.21064743405173
Fig4d,K16424,0.176968871967538,0.463562691696901
Fig4d,K03810,0.716690902914438,0.916789178552011
Fig4d,K22552,0.401457041987644,0.762931727107148
Fig4d,K07665,0.467557957527733,0.488853711791329
Fig4d,K06862,1.02556232269549,1.0610607547374
Fig4d,K06378,0.286561154403636,0.404449477230983
Fig4d,K03230,0.34992208415676,0.720378831813149
Fig4d,K01192,0.47618739238252,0.681060788383414
Fig4d,K09123,0.657716137716373,0.423293317947355
Fig4d,K23176,0.43280362701854,0.733589390427163
Fig4d,K16046,0.72116010283648,0.759848086304769
Fig4d,K06318,0.575594066290352,0.563462894902994
Fig4d,K14667,0.399373105168199,0.650759584785922
Fig4d,K03623,0.687459760252634,1.04925060004873
Fig4d,K14052,0.440386578486839,0.453591138478626
Fig4d,K05554,0.331429338830384,0.622750906511451
Fig4d,K01442,0.435602694481817,0.75747457365502
Fig4d,K14668,0.537546769666258,0.84142822778913
Fig4d,K01153,0.868974391326505,0.876068435420759
Fig4d,K05822,0.506204020166852,0.524703032239732
Fig4d,K05352,0.229311289284073,0.332970645627729
Fig4d,K12436,0.40551496640248,0.657047167031513
Fig4d,K08714,0.226063908301569,0.527550676387829
Fig4d,K11935,1.67330967530069,1.43372383038035
Fig4d,K16210,0.606680329599923,0.979847627301609
Fig4d,K05342,0.429337086920423,0.665255434407584
Fig4d,K13787,0.158623217935632,0.449762980560741
Fig4d,K12428,0.488981100387384,0.562811380175217
Fig4d,K02930,0.833101779235904,0.981113729069644
Fig4d,K16235,0.312206835477316,0.35116647179338
Fig4d,K01421,0.736197341650825,0.164280449222877
Fig4d,K10915,2.14991517709607,2.17478071099218
Fig4d,K15532,0.635809463514685,1.16404232558298
Fig4d,K03822,1.76606909567855,1.34326409271773
Fig4d,K19005,0.233489539431046,0.195408977184142
Fig4d,K03475,0.424784609763698,0.516035461624112
Fig4d,K00138,0.239866074675916,0.387236859070616
Fig4d,K14578,0.411649523468844,0.769258183510099
Fig4d,K01577,1.03467755183557,1.44089407270528
Fig4d,K22539,0.504542322150701,0.658506010211585
Fig4d,K03124,1.32405597882123,1.68224457503034
Fig4d,K17675,0.564809330257072,0.918592057672952
Fig4d,K07002,0.753129322822303,0.996627939108468
Fig4d,K05555,0.230792334070845,0.240158677076762
Fig4d,K18540,0.259229592484762,0.379546145933482
Fig4d,K04117,1.03101658931414,1.07174180312962
Fig4d,K06403,0.389762648246206,0.294216056883248
Fig4d,K06351,0.552722908074843,0.698604781924113
Fig4d,K13727,0.414659347806696,0.483835289709164
Fig4d,K06945,0.63253869830467,0.175800820588481
Fig4d,K13315,0.689320267600263,0.860683492193999
Fig4d,K18223,0.341744767021777,0.333378230544344
Fig4d,K10709,0.473878422596326,0.648017020267058
Fig4d,K03716,0.295608880237229,0.564865155420957
Fig4d,K21023,0.587388184079681,0.503215527565262
Fig4d,K11988,0.621812976759473,0.659971065168289
Fig4d,K03300,0.300402772643472,0.511859905613333
Fig4d,K06391,0.323071976038062,0.358383127518772
Fig4d,K21480,0.7331696901564,0.737991896970986
Fig4d,K03760,0.503748955138053,0.642650549521656
Fig4d,K10851,0.132413993848772,0.454535206787597
Fig4d,K02476,0.569921722491213,0.692556821290851
Fig4d,K10542,0.315948066057633,0.570654834709649
Fig4d,K04756,0.738450124437441,0.802735849725749
Fig4d,K15312,0.60109733013925,0.360492420734109
Fig4d,K02026,0.296813003444153,0.645174481888176
Fig4d,K21182,0.436199600726108,0.766037248658103
Fig4d,K11782,0.365963961676882,0.340264434828723
Fig4d,K07499,1.51252266743012,1.53010942405239
Fig4d,K09153,1.17731566605155,1.67889265354412
Fig4d,K03806,0.228652680279716,0.78682448004549
Fig4d,K03749,0.212542753023805,0.167961257926594
Fig4d,K06402,0.184849237249104,0.17565844848139
Fig4d,K16150,0.597805954490156,0.883100449879328
Fig4d,K16862,1.57437232703957,1.23054871081078
Fig4d,K08691,0.770350247337851,0.869771909322946
Fig4d,K18587,0.80924416421128,1.10825241710945
Fig4d,K16014,1.38400283095419,1.3117448622738
Fig4d,K00351,1.00776934669986,1.1979732494677
Fig4d,K01625,0.671313111559723,1.02655902054946
Fig4d,K11145,0.270382936901713,0.40269918248991
Fig4d,K23117,0.221210229504582,0.158347706064136
Fig4d,K21561,0.924631535090756,1.29971237973337
Fig4d,K16257,0.517208122671566,1.28257701257837
Fig4d,K14371,1.09501387892074,1.2794956672457
Fig4d,K10232,0.371015292349679,0.712136663071147
Fig4d,K15578,0.646648139678812,1.0973618866241
Fig4d,K08685,0.519458415271813,0.906291916857251
Fig4d,K21567,0.860820303837096,1.09259838481183
Fig4d,K07651,0.331501114582631,0.306487024111682
Fig4d,K06940,0.906326514114197,0.991151765353
Fig4d,K11746,0.272919150601507,0.133780742815266
Fig4d,K01321,0.359993192945735,0.39041671371548
Fig4d,K17324,0.702379733278484,0.428167891477854
Fig4d,K05834,0.74233659468,1.16884601456957
Fig4d,K11535,0.298615164538928,0.475868393069159
Fig4d,K09861,0.752192480967062,1.21348570526053
Fig4d,K16436,0.445848091428377,0.658203392239354
Fig4d,K00273,0.32032967304812,0.473624135990495
Fig4d,K21187,0.535259096050417,0.750249590991483
Fig4d,K11173,1.25893350231237,2.13649446637315
Fig4d,K21685,0.943458598212108,0.938444810770516
Fig4d,K22424,0.660752929144074,0.686623228294078
Fig4d,K22297,0.363535998036328,0.415391229394077
Fig4d,K01796,0.39152970506846,0.770711777972096
Fig4d,K21064,0.205488381507574,0.216909377791961
Fig4d,K09986,0.931028597651522,1.43657732317515
Fig4d,K16783,0.39151102866368,0.539037808281837
Fig4d,K07496,0.566863151711453,0.790385327373678
Fig4d,K15311,0.71975000270499,0.711611270478588
Fig4d,K13877,0.680026890115552,0.787661435165358
Fig4d,K14339,1.04109044575718,0.895620378394158
Fig4d,K00186,1.09649150794413,1.23160102003343
Fig4d,K13995,0.858247619301606,0.607392788032292
Fig4d,K01093,0.69800148045325,0.423169100072492
Fig4d,K00851,0.378774130692434,0.688919199650863
Fig4d,K06221,0.618822079440866,0.899677255964096
Fig4d,K22303,0.243098140831037,0.451091646978559
Fig4d,K04691,0.801631079015819,1.68944138051747
Fig4d,K01392,0.246985094277824,0.704610740152454
Fig4d,K16509,0.298498754546417,0.377488091425325
Fig4d,K00040,0.178012507457002,0.197826327607241
Fig4d,K07494,0.977425477409346,1.00719224898432
Fig4d,K01281,0.488146948170513,0.780901429146112
Fig4d,K14054,0.715976043959911,0.778380831742735
Fig4d,K03762,0.280895428754211,0.169271469696299
Fig4d,K16164,0.623303230938245,0.94660138611898
Fig4d,K15792,1.44564202808399,0.709894648281513
Fig4d,K18930,0.713271827141819,0.90614598992502
Fig4d,K03599,0.459710277547926,0.906662201223292
Fig4d,K06307,0.479812922170586,0.607127143624627
Fig4d,K05501,0.500745425474268,0.520357869953394
Fig4d,K10191,1.14109326621044,1.40898801085975
Fig4d,K14519,0.371239418947412,0.724370939000303
Fig4d,K17330,0.184109896625286,0.447973128202019
Fig4d,K06311,0.572214097023592,0.760364178168819
Fig4d,K10188,0.666791313041005,0.815149078713739
Fig4d,K23087,0.373223683442699,0.53244969782822
Fig4d,K13934,0.486282973931939,0.417198994301202
Fig4d,K05888,0.67292976996779,0.74879250826959
Fig4d,K07485,0.672644408442917,0.816864158211473
Fig4d,K15771,0.422317246358988,0.159825919186054
Fig4d,K10621,0.584388939403514,0.574535208215592
Fig4d,K21681,0.408127195901588,0.722764784222328
Fig4d,K03973,1.04322710245893,1.32841018579511
Fig4d,K16012,0.4746400305645,0.768624308972174
Fig4d,K11637,0.377083696225971,0.30226639065201
Fig4d,K02250,0.330025481779114,0.269024774136009
Fig4d,K01176,0.516630049126503,0.817555113763777
Fig4d,K07085,0.795817022566427,1.05750847040824
Fig4d,K16417,0.988003707902965,1.01807840781536
Fig4d,K16651,0.344980991134903,0.444533742414889
Fig4d,K05311,0.31194182376865,0.574466408661971
Fig4d,K06330,1.20758888808358,0.903381161329637
Fig4d,K06379,0.642460191208592,0.971574343660294
Fig4d,K11917,0.483223419212593,0.5814648778256
Fig4d,K00469,0.5622758120418,0.306903344520789
Fig4d,K01932,0.800895814545112,0.573747316501826
Fig4d,K00702,0.532901696724045,0.399735507222147
Fig4d,K20370,1.14219540983525,0.458645928902658
Fig4d,K16051,0.980639008569643,1.09652971962994
Fig4d,K12710,0.615370063536366,0.362010976333373
Fig4d,K19181,0.617338329601822,0.610837739868803
Fig4d,K01821,0.660231425450247,1.02684580707684
Fig4d,K18231,0.272428463134413,0.340310033844884
Fig4d,K19670,1.14089369922469,1.28846878433844
Fig4d,K13653,0.656481464273563,0.825032002502376
Fig4d,K20274,0.607267182323676,0.844203567138728
Fig4d,K03430,0.497215795216054,0.868010299238166
Fig4d,K22704,0.172833439979756,0.267842878289344
Fig4d,K02551,0.260342459545408,0.333355727151205
Fig4d,K09942,0.193766823044306,0.326987334644835
Fig4d,K00066,0.988884658387612,1.60285415244795
Fig4d,K11778,0.331332757087012,0.394551974595076
Fig4d,K02385,0.431001061725518,0.415001807832333
Fig4d,K06375,0.332411526004223,0.213335805479548
Fig4d,K03710,0.382164809869587,0.52156814907933
Fig4d,K07774,0.681957403916904,0.776465447327715
Fig4d,K03231,0.725276250785608,0.964772279150381
Fig4d,K06974,0.237808675590317,0.361733007241275
Fig4d,K07770,0.26403869277638,0.281321686827177
Fig4d,K04068,1.23187855059533,0.94047311590023
Fig4d,K14673,0.610350670355297,0.862625636625762
Fig4d,K22820,0.639040111114071,0.784671749486685
Fig4d,K06327,0.285717431159596,0.275044201949492
Fig4d,K01210,0.881868017166065,0.758966813171365
Fig4d,K13670,0.706652109675822,0.757937752115515
Fig4d,K07466,1.07542107563218,0.603157068286418
Fig4d,K00313,0.452423312228224,0.296485207152734
Fig4d,K03311,0.414175819041402,0.606309168753403
Fig4d,K13798,0.519102465315895,0.707937913611023
Fig4d,K14682,0.65394029207475,0.948656493870145
Fig4d,K03222,0.660938782668167,0.821331788451178
Fig4d,K08745,0.835107886074101,0.565261910230237
Fig4d,K06983,0.566704659641509,0.25436526326705
Fig4d,K07266,0.953743150246706,0.997270808783024
Fig4d,K16645,0.964638780251708,1.04575976428731
Fig4d,K09166,0.425785717025993,0.698117734584734
Fig4d,K21191,1.38257131237948,1.51200541619931
Fig4d,K07226,0.266596656703295,0.354971369625063
Fig4d,K16242,1.70680334542858,2.44539619111056
Fig4d,K17938,1.65484757018098,2.11476931834339
Fig4d,K03891,0.243566710833569,0.516938578860454
Fig4d,K07153,1.12243533354794,0.694486376141008
Fig4d,K21181,0.43994521046183,0.487427368913694
Fig4d,K17216,0.364232911538758,0.657563475028055
Fig4d,K03651,0.438667870324222,0.590660340392635
Fig4d,K01449,0.759433059614139,1.00471707235414
Fig4d,K07451,0.364258922694925,0.577190978709394
Fig4d,K01286,0.197714245397363,0.439680325028662
Fig4d,K07077,0.218742602236292,0.62405497250905
Fig4d,K03974,0.95943228043555,1.24333323262932
Fig4d,K22081,0.383280151196104,0.84324927210181
Fig4d,K16017,0.623018176830274,1.21986710213665
Fig4d,K14631,0.965808604033831,0.540067181886334
Fig4d,K12454,1.05963225460687,1.23753681385924
Fig4d,K10546,0.689187955022375,0.989309068800856
Fig4d,K22902,1.09119470537587,1.01456042865412
Fig4d,K07110,0.967290450761269,1.35093499129624
Fig4d,K15764,0.377953911434798,0.469103266804694
Fig4d,K05346,0.809420914660649,0.791937641255686
Fig4d,K16649,0.65905710595241,0.828307032467225
Fig4d,K06959,1.46977660935746,1.5345428793146
Fig4d,K07084,0.257542277336925,0.387445164982662
Fig4d,K08094,0.685006269451676,0.716985584202126
Fig4d,K03573,0.261275419538494,0.479415089135828
Fig4d,K23624,0.252873961010404,0.300384132913211
Fig4d,K23262,0.272542374169368,0.44198386123398
Fig4d,K19978,0.7452918115102,0.906944349593276
Fig4d,K13626,0.344818419690267,0.474912193666968
Fig4d,K16141,0.645977015927312,1.69046053140491
Fig4d,K12240,0.458843157245556,0.670116825048422
Fig4d,K00657,0.513542295845233,0.929945802917073
Fig4d,K02826,0.385614654612965,0.41295299412209
Fig4d,K01813,0.887535010600272,0.956314080904808
Fig4d,K03577,0.385253244947961,0.400702109214388
Fig4d,K01222,0.392036894177663,0.385914417281509
Fig4d,K12980,0.424613624785095,0.760966512062431
Fig4d,K16905,1.62729191218799,1.64310478708025
Fig4d,K16048,0.755147738190368,0.759427125936289
Fig4d,K08082,0.58538573188918,1.06333767510403
Fig4d,K03226,0.38507977083866,0.498285183999056
Fig4d,K14982,0.328826129945445,0.272481311969248
Fig4d,K10201,0.605598482696063,0.912042742835921
Fig4d,K08152,0.416590191171289,0.446844650373711
Fig4d,K16868,0.468878887629959,1.24001730002275
Fig4d,K00635,0.936740118949313,0.872768064794459
Fig4d,K21468,0.375014338622956,0.366659381020575
Fig4d,K03381,0.537441475066116,0.702476245096537
Fig4d,K07236,1.15551250549487,1.03599358162472
Fig4d,K20469,1.00965849028295,0.980399225358085
Fig4d,K02496,0.867595998624853,1.06320817029151
Fig4d,K02256,1.84489140189252,1.97420795907277
Fig4d,K00387,0.644040231234458,0.540089878196308
Fig4d,K03795,0.410279180598532,0.549541847920615
Fig4d,K03890,0.257698222746981,0.381568760041642
Fig4d,K03298,0.522669931607397,0.941282892251921
Fig4d,K13745,1.32095952409992,1.30217503603009
Fig4d,K01202,1.67057064963081,1.69922870965535
Fig4d,K03087,0.474862806711141,0.114619409008151
Fig4d,K07641,0.699385020657156,0.836660290279009
Fig4d,K09759,0.312801477877269,0.623394806175489
Fig4d,K05711,0.282329593874054,0.688045572713268
Fig4d,K11031,1.15648919113429,0.802342094376387
Fig4d,K01416,0.170184957848236,0.564708812888115
Fig4d,K20434,1.00909437134398,1.31430507688054
Fig4d,K19696,0.899472758827393,0.918187627368855
Fig4d,K17234,0.37634626464567,0.444202209576771
Fig4d,K19955,0.72425907230151,0.563774375052034
Fig4d,K11902,0.407674640725445,0.221221343040957
Fig4d,K20420,0.226979423315135,0.393868510362172
Fig4d,K17994,0.584733638045079,0.7165772613841
Fig4d,K15269,0.175477799073784,0.344086782880694
Fig4d,K03136,0.446829045894508,0.485040002247833
Fig4d,K08738,0.682754085892517,0.982468238733912
Fig4d,K16652,3.77995445732436,2.93505651131653
Fig4d,K06413,0.402727709258586,0.31691149615674
Fig4d,K15270,0.418971140578763,0.317235576053383
Fig4d,K21025,0.737776391641588,1.43839597376998
Fig4d,K04835,0.495504092493829,0.665953843231481
Fig4d,K02672,0.209206842549205,0.468836164258584
Fig4d,K08900,1.24129662492993,2.14577341158357
Fig4d,K02657,0.703147599477545,1.11269353363981
Fig4d,K18676,0.889966862536789,1.18553097993364
Fig4d,K00436,0.291548781246072,0.297939622533099
Fig4d,K03831,0.389959044099492,0.410770045842959
Fig4d,K16188,0.446775193592592,0.521324477018961
Fig4d,K02690,2.40850168635285,1.15342746584158
Fig4d,K07044,1.45921328969826,1.65130563202434
Fig4d,K06396,0.282113365905196,0.207727967466647
Fig4d,K17061,0.335498895299988,0.548037509552485
Fig4d,K05548,2.02649638466545,1.97204436116653
Fig4d,K07216,1.20507443141542,1.05792133086404
Fig4d,K16066,0.656988611978021,0.489628642445613
Fig4d,K00956,0.656441348858561,0.827969019512799
Fig4d,K10187,0.277829119525429,0.439186377909475
Fig4d,K18820,1.17316421249802,0.707819301096733
Fig4d,K00394,1.48011754365351,2.12002406836798
Fig4d,K09711,1.46564055137309,2.30803112991024
Fig4d,K07459,0.319241946153061,0.935826138544128
Fig4d,K00122,0.735669092934603,1.11774497521482
Fig4d,K09922,0.245792649221665,0.168491563830978
Fig4d,K07394,0.498551249829346,0.860722316878911
Fig4d,K02848,0.275349719329828,0.543742353373379
Fig4d,K01753,0.212356133625623,0.114591027098647
Fig4d,K02846,0.664556040491376,0.625259524350754
Fig4d,K21161,0.427246178781067,0.7534863759016
Fig4d,K05569,0.567589395264099,0.733727504926469
Fig4d,K10242,0.52490256678798,0.79667613409283
Fig4d,K05303,0.417889194523008,0.294819586196648
Fig4d,K08162,1.0708617133642,1.23854277144525
Fig4d,K18546,0.261675390075646,0.19740755001007
Fig4d,K10798,1.25127481790426,0.946176464323595
Fig4d,K02362,0.36635974167314,0.599980751595461
Fig4d,K08986,0.378167034824618,0.282659419384397
Fig4d,K00464,0.264844863364589,0.435243392330929
Fig4d,K15583,0.15331589288253,0.310065966777829
Fig4d,K10711,0.525903132371958,0.61047267754805
Fig4d,K07697,0.340147317682053,0.371973460172673
Fig4d,K05571,0.784339575818053,1.03154200101803
Fig4d,K21327,0.449077066706981,0.429872431992441
Fig4d,K04082,0.433565166583405,0.883420403304993
Fig4d,K22745,0.461519907417581,0.468908934149138
Fig4d,K23778,0.41764914933424,0.599264172545459
Fig4d,K12555,0.284224287405296,0.428797208536671
Fig4d,K00039,0.681483638780024,1.00425070897385
Fig4d,K18301,0.81878274317262,0.536529750595699
Fig4d,K09160,0.645108835658744,1.29004835523692
Fig4d,K11004,0.588402558280025,0.813563337442334
Fig4d,K09703,1.5775860391486,1.43780447426999
Fig4d,K04033,2.04752448640821,2.14890429744972
Fig4d,K13052,0.336784292023908,0.328293053148182
Fig4d,K16139,0.983157589210904,0.717067895675922
Fig4d,K10253,0.789982009911326,1.3421095506884
Fig4d,K11895,0.422344306045007,0.277939130998499
Fig4d,K19551,0.683309136416815,0.82503445848096
Fig4d,K13799,0.377174530362478,0.892525301608752
Fig4d,K11410,0.150325808820637,0.420797336292442
Fig4d,K08225,0.501325490624813,0.540395227086003
Fig4d,K02126,1.12163595939152,1.29781732831364
Fig4d,K15466,0.928524927567962,1.06144164777375
Fig4d,K07714,0.201648904899086,0.508441360892945
Fig4d,K16426,0.384940743951539,0.730643137928943
Fig4d,K06301,0.24996716897959,0.320228351557745
Fig4d,K20261,0.933029207558532,0.171466953255355
Fig4d,K09780,0.321647024969863,0.288359260221127
Fig4d,K03775,0.267670731846809,0.486633378947188
Fig4d,K02399,0.460702822478174,1.09910268901512
Fig4d,K08976,0.18637834433066,0.726152762514092
Fig4d,K21832,1.01980937352481,1.28474950946415
Fig4d,K09947,0.768407753480603,0.772838894289277
Fig4d,K16215,0.430871288755166,0.504799017209456
Fig4d,K01194,0.159881465330219,0.258478223060546
Fig4d,K18640,0.826268998276085,1.00265627113534
Fig4d,K22217,0.387088537374672,0.557864102493099
Fig4d,K19270,0.42712252625746,0.426221158915673
Fig4d,K10820,0.53883067136914,0.643828909390379
Fig4d,K04095,0.349356528286201,0.533209349727481
Fig4d,K02497,0.156100687960535,0.384427522766879
Fig4d,K03923,0.279218570645907,0.138783141693918
Fig4d,K16416,0.437593661311675,0.484407200661575
Fig4d,K07271,1.28761063879036,1.34131245328885
Fig4d,K00262,0.660383167348681,0.794042335666758
Fig4d,K19203,0.268436168157714,0.453877574531522
Fig4d,K02441,1.14426838494493,0.668794919071153
Fig4d,K03784,0.245288274298042,0.391743935408795
Fig4d,K10540,0.348581847183838,0.214273076663985
Fig4d,K16899,0.845230061738294,1.10458666786334
Fig4d,K00187,2.1956841841438,2.05224772490236
Fig4d,K16447,1.00351466570066,0.838918819588791
Fig4d,K00219,1.5141191280032,1.6775984564948
Fig4d,K07096,0.831484892343268,0.724635836859243
Fig4d,K15786,0.96731996959094,1.61949055489791
Fig4d,K06223,0.707233037170325,0.303278926043877
Fig4d,K07008,0.227241067487583,0.763721392602652
Fig4d,K21065,0.13292953476366,0.428315981600061
Fig4d,K07029,0.244804488181461,0.477088217575506
Fig4d,K12567,0.483492602554046,0.264149057773753
Fig4d,K02048,1.50429138357625,1.36547621333178
Fig4d,K07265,1.1048257321974,1.17453729632907
Fig4d,K06294,0.229381314792677,0.309181280366767
Fig4d,K10561,0.826647687330293,0.671073003621944
Fig4d,K06283,0.235522993122384,0.204663156884496
Fig4d,K13767,0.34982123321919,0.433857738664654
Fig4d,K09912,0.374271160180572,0.873683943413948
Fig4d,K12446,0.499332343275888,0.564060376585532
Fig4d,K03291,0.513576143093616,0.661294343311677
Fig4d,K09978,1.12114569763368,1.58586169291146
Fig4d,K06417,0.54862764842753,0.470088411317834
Fig4d,K18800,0.424114809035381,0.990227456023187
Fig4d,K05770,0.845699447569709,0.997650867394839
Fig4d,K10085,1.00024079817726,0.61886839506395
Fig4d,K21703,1.11019526488449,1.09388968876266
Fig4d,K14735,0.23092703656855,0.174921070088346
Fig4d,K16907,0.587550302842775,0.520581265687743
Fig4d,K05832,1.23795976377379,1.04098135330923
Fig4d,K17497,0.940634868415417,1.08605471508019
Fig4d,K14164,0.465919936833662,0.383461858974211
Fig4d,K03811,0.233528212527227,0.408601656464149
Fig4d,K08717,0.298260826159206,0.449945573752161
Fig4d,K19511,1.15013417491953,1.21686186301876
Fig4d,K10680,0.767538854876225,0.837736906413226
Fig4d,K07041,1.29823423484115,1.37318681767738
Fig4d,K00768,0.32136871363666,0.392958174237973
Fig4d,K16397,0.51819502249653,0.805662745425071
Fig4d,K06410,0.183133061605537,0.475128778462491
Fig4d,K14166,0.512123188565527,0.7187371362632
Fig4d,K12255,0.43064217783257,0.638060298664428
Fig4d,K18687,0.663694685387565,0.766671954401547
Fig4d,K02841,1.06145709273851,1.05657927004217
Fig4d,K07131,0.178949620550642,0.581474193252307
Fig4d,K18058,0.597433305108798,0.645740785822284
Fig4d,K02240,0.348526479913582,0.435399530742609
Fig4d,K21479,0.217286757199861,0.385549549701381
Fig4d,K03658,1.70648770376698,1.68229576976608
Fig4d,K02856,0.450295462327009,0.433449092379265
Fig4d,K17734,0.782001245382908,0.861778774917361
Fig4d,K02188,0.474907814320434,0.731037474894687
Fig4d,K16925,0.298857473129243,0.439477177673967
Fig4d,K01212,0.275092657132661,0.333183171732299
Fig4d,K18005,2.12870275658826,2.00593204274264
Fig4d,K01494,0.270821823021351,0.245144122128138
Fig4d,K05275,0.373284194986235,0.635521522934629
Fig4d,K06952,0.902291005729868,0.79706127015319
Fig4d,K19510,0.474014692714733,0.515692165390891
Fig4d,K19416,0.365307654262859,0.617909020877615
Fig4d,K20262,0.381123060834202,0.942769605446846
Fig4d,K06975,0.616762167541701,1.02417339674967
Fig4d,K17213,0.3287008369815,0.610435435498597
Fig4d,K18844,0.559254708420414,0.72906958213925
Fig4d,K07155,1.16530280922121,1.40109519409855
Fig4d,K12645,0.571823404111713,0.809996012404301
Fig4d,K05712,0.206146906117606,0.381892119280711
Fig4d,K13058,0.49292317258462,0.373872919365849
Fig4d,K16118,0.542009497692542,0.601651668292316
Fig4d,K21166,2.20642078299808,1.61797417716366
Fig4d,K10008,0.132521842483121,0.459578075744401
Fig4d,K13275,0.420053834466331,0.165022942148196
Fig4d,K09702,0.468641888487373,0.53533468484956
Fig4d,K20260,0.420827647246437,0.323038143714252
Fig4d,K23777,0.756479969186328,0.782915963421155
Fig4d,K19123,0.0931100413477923,0.425802678913523
Fig4d,K03336,0.214120946993554,0.465143701503955
Fig4d,K13584,0.828687954089248,1.09979149254786
Fig4d,K12424,0.190877036893539,0.347779645435563
Fig4d,K10924,0.470457804104283,1.19636122193042
Fig4d,K16559,1.27367249164284,1.64897332173593
Fig4d,K03921,0.520091822946711,0.632937024735312
Fig4d,K03778,1.18193181102225,1.06904711771681
Fig4d,K00468,0.317976754081928,0.539281330266136
Fig4d,K00016,0.425858107122217,0.272433028629688
Fig4d,K22515,1.01587667675221,1.39533312704229
Fig4d,K14591,1.2564288738832,0.894214081889144
Fig4d,K13652,0.573805743361762,1.35161660049644
Fig4d,K20484,0.525221968278278,0.651007430637565
Fig4d,K16035,0.448521593703452,0.344238517070718
Fig4d,K01067,0.499846100587733,0.726675481366981
Fig4d,K01574,0.828165689789442,0.736471765211575
Fig4d,K16033,0.97443909282576,0.781030550563335
Fig4d,K08224,0.503228957171821,0.856171226745139
Fig4d,K13327,0.387308667544618,0.522287735110698
Fig4d,K14287,0.534280407625766,0.616815250613013
Fig4d,K16511,0.311780823342158,0.328489791239075
Fig4d,K17329,0.265243188606597,0.324619688408296
Fig4d,K11325,0.893684169346467,0.425785150194679
Fig4d,K06415,0.419280861173259,0.985202136869946
Fig4d,K07184,0.427008017789497,0.884627424295231
Fig4d,K16047,0.709584194690416,1.26568899789066
Fig4d,K23054,1.33239472614176,1.7422224719451
Fig4d,K03166,2.00568037562866,2.43235757448816
Fig4d,K03748,0.313055131249536,0.348577138159944
Fig4d,K02205,0.55606616441987,0.593982302518958
Fig4d,K21645,1.9504153097468,1.96784125180542
Fig4d,K09516,0.493230679680876,0.798826250884732
Fig4d,K00232,0.979577208976266,0.692462767720141
Fig4d,K09689,1.03637738751371,0.983401575805527
Fig4d,K06937,0.325177222618774,0.477027128334307
Fig4d,K06859,0.476221398572157,0.889817378134807
Fig4d,K09957,0.659374980996867,0.602730401097031
Fig4d,K02002,0.474515777859571,0.780138568666321
Fig4d,K05970,0.32428198298778,0.444010072541198
Fig4d,K01134,0.195428799736632,0.251650852552122
Fig4d,K23775,0.374038167028022,0.682828869989038
Fig4d,K15737,0.238690465285234,0.306982891424942
Fig4d,K16050,0.423436619260747,0.635365104678601
Fig4d,K02651,1.00724623943079,1.59034751023335
Fig4d,K20628,0.768369940396727,0.823919472694895
Fig4d,K15836,0.880487787502342,1.12991524452804
Fig4d,K10189,1.32760172179757,1.51541943846709
Fig4d,K16427,0.389693873402855,0.585045812127202
Fig4d,K21684,1.61779415570813,1.42653323079212
Fig4d,K00433,0.798472705409066,0.870467744845643
Fig4d,K21113,0.315253463128465,0.387972402032038
Fig4d,K07039,0.5718455031197,0.213471952449381
Fig4d,K01182,0.475128354918534,0.319666307937691
Fig4d,K10794,0.987588533667313,0.918336508029626
Fig4d,K11733,0.671232580133636,0.72329227197785
Fig4d,K16694,0.315857714125895,0.274911505713584
Fig4d,K15894,0.826671409957511,0.7183492311661
Fig4d,K00018,0.462706076489264,0.670024142131377
Fig4d,K08070,0.404886899771516,0.231932055424093
Fig4d,K19580,1.66151476124271,2.06570086545017
Fig4d,K07389,0.265769402376482,0.488137957254658
Fig4d,K00544,0.788786568990164,0.788023734401542
Fig4d,K00786,1.00532366665858,1.47840998277781
Fig4d,K10233,0.485079308019528,0.722932081228157
Fig4d,K18828,0.338791918449722,0.289373683063199
Fig4d,K10679,0.515826105786058,0.671688455509614
Fig4d,K03297,0.31868922256151,0.683454566122171
Fig4d,K14954,0.763297923307171,0.810398681264773
Fig4d,K21186,2.89961187145835,1.82832615439272
Fig4d,K23228,0.351471672205674,0.491675055155466
Fig4d,K05589,0.395738743897173,0.592165622505151
Fig4d,K16013,0.414761074076462,0.716123385190816
Fig4d,K18911,0.390984072627541,0.589136718527546
Fig4d,K08481,0.392850196582391,0.35206966631243
Fig4d,K00257,0.55525572611813,0.433580683484008
Fig4d,K09932,0.338040569684657,0.646156022775326
Fig4d,K02839,0.967577471589303,1.42917930659591
Fig4d,K03802,0.201995882602303,0.429192717771242
Fig4d,K14252,0.828400309626438,0.686633962572813
Fig4d,K06306,0.382492264555433,0.262189279222757
Fig4d,K00852,0.34207083461456,0.738473300250451
Fig4d,K07518,1.86011724828624,1.62305428207623
Fig4d,K09892,0.808928164493687,1.12158759617784
Fig4d,K20938,0.309012060744215,0.544128279564367
Fig4d,K09146,1.27470687769128,1.10571905495091
Fig4d,K00752,1.61429897947155,1.26949640534617
Fig4d,K09913,0.4981223865077,0.440876996699506
Fig4d,K00690,1.05160906742496,1.32468538180605
Fig4d,K18692,0.418489700352639,0.423378869892609
Fig4d,K15760,0.35001731385022,0.477619117401387
Fig4d,K06236,0.935635673003498,1.03800993980961
Fig4d,K09946,1.22193834504755,1.05149683364718
Fig4d,K16149,0.503586851620359,0.939813787570314
Fig4d,K16446,0.663983480089735,0.619849052404188
Fig4d,K01459,1.31640639441693,1.49989155019625
Fig4d,K16212,0.464930693874397,0.736800936035427
Fig4d,K14628,0.796161687068407,0.852778932796502
Fig4d,K01181,0.322735113521991,0.481141426329762
Fig4d,K14055,1.14064445508925,2.55885090117941
Fig4d,K01617,0.603316380865396,0.782740489598006
Fig4d,K14952,0.560096742786837,0.716503952476824
Fig4d,K03697,0.423448634460618,0.577314800668103
Fig4d,K15924,0.746152448250398,0.528306814925426
Fig4d,K13832,0.863098100549482,0.804405555781439
Fig4d,K21211,1.0471943779973,0.44803567003512
Fig4d,K03458,0.780971314177979,0.389221480974324
Fig4d,K21575,0.186351986370246,0.253970616526619
Fig4d,K12529,0.273585057487147,0.176327308638656
Fig4d,K12443,0.252299029625974,0.45435946618347
Fig4d,K08776,1.32786388603124,1.67030925469893
Fig4d,K22390,0.9822053558711,1.37111599069827
Fig4d,K01727,0.611302348856495,1.01545891509709
Fig4d,K07559,0.689837102073624,0.829223820156621
Fig4d,K06926,0.486780823194147,0.476392036034848
Fig4d,K19224,0.533058420549391,0.792780263182018
Fig4d,K11894,0.816131956396741,1.28966813213487
Fig4d,K00132,0.701610865730689,0.757218255909618
Fig4d,K21255,1.57053187541497,1.80002348737196
Fig4d,K08321,0.458893997184504,0.362353449974606
Fig4d,K05851,0.265899335015503,0.323822142277942
Fig4d,K21672,1.02423469609182,1.10738288488023
Fig4d,K22693,0.367869794243722,0.426039477842537
Fig4d,K16016,0.603865344593053,0.858353689131823
Fig4d,K05878,0.157521734416606,0.313478801526725
Fig4d,K23149,0.247273278234207,0.535858836409259
Fig4d,K16870,1.0701856293558,1.04606861964687
Fig4d,K23465,0.432256098494918,0.39966605514876
Fig4d,K10004,0.613939679248807,0.830872672461596
Fig4d,K23170,0.348432404330779,0.696903336491874
Fig4d,K00290,0.289975649716063,0.352376555940861
Fig4d,K00986,1.81189911395762,1.88989111755864
Fig4d,K01446,0.671379671219367,0.87004927209433
Fig4d,K04076,0.451621284303978,0.41285640073007
Fig4d,K16784,0.441431088176964,0.635751193554281
Fig4d,K11908,0.13778247351388,0.182390143340086
Fig4d,K15067,0.393716431049486,0.453719270441929
Fig4d,K01387,0.475833384308116,0.569309026174079
Fig4d,K01337,1.23290026599254,1.64785079888805
Fig4d,K03740,0.392890209878274,0.379209194778332
Fig4d,K09733,0.377221039270287,0.370744027199897
Fig4d,K03632,0.297165942032909,0.307324855395748
Fig4d,K19124,0.190601493093505,0.531217038372942
Fig4d,K08989,0.543707835662108,0.602617828857417
Fig4d,K05364,0.240113339787418,0.308432492488866
Fig4d,K01226,0.360741672402123,0.33624151890968
Fig4d,K10005,0.212730164067191,0.495083425299426
Fig4d,K22927,0.384350530529343,0.395630284703616
Fig4d,K02462,0.437076631276784,0.644452238782369
Fig4d,K10547,0.755865281306629,1.00864434148623
Fig4d,K18610,0.209431997768867,0.299440094890029
Fig4d,K18476,0.284757030151394,0.701025930199945
Fig4d,K14987,1.00516928756571,1.3076839848503
Fig4d,K11940,1.36479581280558,1.66768808775383
Fig4d,K06192,1.00743429735087,1.39161920102406
Fig4d,K09956,0.423907343298207,0.748585406444966
Fig4d,K07644,0.864155921916057,0.816652711570642
Fig4d,K06194,0.919106629766469,0.943637335867928
Fig4d,K07048,0.279606687006541,0.294465133317665
Fig4d,K16243,1.1877173703485,1.89907000133117
Fig4d,K18968,1.41662306876992,1.45546072047377
Fig4d,K00203,0.396072439274622,0.113544392925826
Fig4d,K02484,0.147325547958458,0.566361867861888
Fig4d,K13963,0.930521695492979,1.2181727781264
Fig4d,K18586,1.36960748497347,1.30458608689975
Fig4d,K19295,0.572840781030419,0.39462583204029
Fig4d,K08368,0.327853152323057,0.292599654787362
Fig4d,K01227,0.258319884602958,0.319587730121427
Fig4d,K01060,0.575581879212638,0.73258743958412
Fig4d,K21169,0.159621923536595,0.301838942245477
Fig4d,K21817,0.532719022606893,0.504340140076612
Fig4d,K21471,0.167155548992895,0.503166136873068
Fig4d,K16869,0.257561821277439,0.350375067828889
Fig4d,K14665,0.381322156039702,0.561893584308636
Fig4d,K13930,0.268261135258455,0.401395605697893
Fig4d,K12434,0.189090674802806,0.120265317575098
Fig4d,K06219,1.18312346417993,1.49503075457154
Fig4d,K01761,0.528384137583918,0.740500070374232
Fig4d,K06921,0.369608111960082,0.579293213097329
Fig4d,K01158,0.505159431469906,0.550470122818199
Fig4d,K09786,0.525740461405264,0.843802815490126
Fig4d,K10125,0.937253502340358,1.20772388640552
Fig4d,K03299,0.378878626980898,0.766797158375131
Fig4d,K02827,0.462581102980714,0.808466827187445
Fig4d,K02588,0.763632563515548,0.875479151931905
Fig4d,K18785,0.412622811455815,0.413850219860418
Fig4d,K16044,0.471202517354759,0.686060324797139
Fig4d,K17893,0.818904385686755,1.07875630020942
Fig4d,K15511,2.04788207750545,2.11434251452428
Fig4d,K00968,1.81660927278156,1.53920119046039
Fig4d,K17095,0.325411659556815,0.321519454149668
Fig4d,K06694,0.851165212202768,0.957655949672058
Fig4d,K00045,1.15480453277437,0.433561364261753
Fig4d,K22819,0.70599899157144,1.10820649478448
Fig4d,K07806,0.181177352280409,0.26076803437181
Fig4d,K08642,0.877210070438779,0.764768802399181
Fig4d,K17713,0.975168544688013,1.29297695893728
Fig4d,K02558,0.392138519833198,0.62214488445802
Fig4d,K13276,0.214399645487175,0.486713930305331
Fig4d,K12282,0.557330664670053,1.03887409122045
Fig4d,K18431,0.740407120795108,0.917170295075593
Fig4d,K15653,0.518142285745528,0.431825842529327
Fig4d,K18232,0.515931949059298,0.707192430452347
Fig4d,K13929,0.486081005454971,0.868773772033205
Fig4d,K19268,1.25616758714718,1.10113059995618
Fig4d,K11654,1.61123613769416,1.75959586694044
Fig4d,K03346,0.296919496105287,0.343911311395922
Fig4d,K09880,0.558809260402481,0.425013203306901
Fig4d,K02529,0.637243599117677,0.895003704907181
Fig4d,K02364,0.426199787016298,0.78245069522347
Fig4d,K13328,0.215450395777556,0.197536968476266
Fig4d,K19794,1.62318178128162,1.63630011153475
Fig4d,K05665,1.46069483935589,1.2341390792272
Fig4d,K14520,0.369854188814363,0.62923965073533
Fig4d,K07654,0.147388919098887,0.496730701774562
Fig4d,K07319,0.937728561271415,0.807290621667361
Fig4d,K07215,1.12703173552335,1.16233036736623
Fig4d,K01197,0.198785177521646,0.254642485172082
Fig4d,K09771,0.328421424015709,0.730732970734532
Fig4d,K13771,0.478476029475611,0.746918790614992
Fig4d,K14712,0.583155575976682,0.515357882179691
Fig4d,K18286,0.242183875740835,0.431846240879291
Fig4d,K00260,0.632387802454722,0.313869114725098
Fig4d,K00098,1.35432413340637,1.14449818563555
Fig4d,K01170,0.719026891191842,0.767173601840324
Fig4d,K06042,0.267264427798999,0.523405820361534
Fig4d,K13788,0.190123160171702,0.663377043718139
Fig4d,K23366,0.716089642318985,0.780613599507063
Fig4d,K23425,1.48512335590055,1.21881321171324
Fig4d,K06617,0.447076927439341,0.414846683224573
Fig4d,K03041,0.810688724533439,0.71944683082412
Fig4d,K12583,0.474959163714384,0.757563073560733
Fig4d,K18333,0.474129648939005,0.214847096074869
Fig4d,K21344,0.571501625618018,0.930019069444463
Fig4d,K15579,0.277123755379534,0.633262049908968
Fig4d,K15650,0.671785327998432,1.37728075788541
Fig4d,K14616,0.48003797215533,0.452608876143309
Fig4d,K20543,1.09254837541254,1.17376115664589
Fig4d,K09688,1.02591234798599,0.978377441267702
Fig4d,K06948,0.525903552088905,0.579051105385815
Fig4d,K06027,0.716467831406946,0.658274665154185
Fig4d,K02457,0.417894295399313,0.614699265288581
Fig4d,K18371,0.223761987877194,0.353602445267346
Fig4d,K07710,0.976897437409442,1.11343293407229
Fig4d,K00595,0.451801655318225,0.409805407925837
Fig4d,K04029,0.0767365223676875,0.135347467204887
Fig4d,K18675,1.08791533428572,0.900690664548972
Fig4d,K16959,0.208608516891957,0.477851856962122
Fig4d,K10240,0.469935113392757,0.802746986181201
Fig4d,K07393,0.333493796872107,0.703007366215
Fig4d,K04073,0.230692010904794,0.462055751752097
Fig4d,K01502,0.480249602672595,1.19168878633108
Fig4d,K12254,0.654188836622555,1.20610249788
Fig4d,K19267,0.393403885852081,0.536068774167738
Fig4d,K17318,0.713861731133352,0.97892031087822
Fig4d,K01856,0.270573762492435,0.206858948950105
Fig4d,K02647,0.485631027902162,0.650527754515692
Fig4d,K11939,0.088076777651807,0.333335844492005
Fig4d,K20273,0.349941035253059,0.686221689660077
Fig4d,K14727,0.469340081670384,0.376126096689852
Fig4d,K17108,0.658255832432108,0.240281430236171
Fig4d,K23988,0.672648712142176,0.532387023268315
Fig4d,K12339,0.383896790509814,0.743800089882268
Fig4d,K09749,0.363156131796512,0.453634354079141
Fig4d,K22694,0.444765031518751,0.569950902901113
Fig4d,K21159,0.515893517813101,0.704614630663131
Fig4d,K07789,1.06001526439747,1.23925659365459
Fig4d,K06714,0.304027130553999,0.421682774770697
Fig4d,K19147,0.993456453298621,1.15933653114886
Fig4d,K12278,0.528653094304311,1.71495849747013
Fig4d,K06876,0.408719681880305,0.73152523878771
Fig4d,K13940,2.54022028071393,2.62421727661463
Fig4d,K01661,0.77809598061812,0.941157167305112
Fig4d,K11741,0.687183074840257,0.884485201202154
Fig4d,K00643,1.22203023202706,1.67686351572005
Fig4d,K11737,0.725564210230982,0.421054294362929
Fig4d,K02128,1.86405051113192,2.10274744853694
Fig4d,K16968,0.501958467446801,0.901113545646227
Fig4d,K08153,0.437825026486698,0.443138764509099
Fig4d,K11144,0.183298104845109,0.332537260272475
Fig4d,K16650,0.937696969100072,1.05189195219996
Fig4d,K01630,0.897842641772809,1.01342469581004
Fig4d,K07079,0.305219343554942,0.373035907165643
Fig4d,K02525,1.02051675377862,1.10182615485364
Fig4d,K10108,0.713569755157052,1.12832058464838
Fig4d,K03706,0.261140651864941,0.0950787449221683
Fig4d,K01906,0.505858553331954,0.401667858772491
Fig4d,K06406,0.345837629861012,0.453122176651456
Fig4d,K02553,0.63871306033004,0.678249394668201
Fig4d,K04781,0.583917302773842,0.800434617245498
Fig4d,K02422,0.464398022463226,0.474806896511904
Fig4d,K09959,0.651991862275424,0.819206628790291
Fig4d,K04127,0.499320052239083,0.625383007210773
Fig4d,K03583,0.773651564190809,0.944194616596507
Fig4d,K02405,0.159000814032166,0.263475791012608
Fig4d,K10156,0.660554987831018,0.744138249840348
Fig4d,K14670,0.277993794194174,0.574073247511599
Fig4d,K23356,0.58273902064388,0.728458522008641
Fig4d,K20428,1.37050274612521,1.2724851880676
Fig4d,K14274,0.406009511702295,0.627596684915998
Fig4d,K17752,0.796833491800146,0.539310079204931
Fig4d,K06409,0.539847691339827,0.652871758273031
Fig4d,K15576,0.815836257103763,1.61862190530091
Fig4d,K17623,0.303998580581884,0.648807225286787
Fig4d,K03790,0.180288791885674,0.537946696900386
Fig4d,K02418,0.360415328849572,0.300365663776831
Fig4d,K12953,0.62981604959456,0.625529969046233
Fig4d,K05658,0.159206839798149,0.477924850785868
Fig4d,K05288,0.761745961729941,0.815880533332504
Fig4d,K18225,0.513529835114384,0.323450724454195
Fig4d,K11472,0.0953536966889672,0.197045138141801
Fig4d,K19702,0.21545769531406,0.593829027920948
Fig4d,K02987,0.438706905016033,0.66881202464359
Fig4d,K15629,0.717954224514121,0.848909364296599
Fig4d,K05350,0.465798714905422,0.677147559062087
Fig4d,K15891,0.322847608757496,0.468079133113533
Fig4d,K12542,1.06768403310547,1.02617365262455
Fig4d,K15503,0.28866534369941,0.878093722508078
Fig4d,K16116,0.673223144601173,0.585748250812553
Fig4d,K02919,0.483857876432044,1.07307640466517
Fig4d,K22282,0.224813258287736,0.417557506158557
