Panel,Unplanted_class,Tomato_planted_class,N,Row_percent
Fig4c,Rapid,Rapid,120,33.5195530726257
Fig4c,Rapid,Overshoot/reversal,16,4.4692737430167595
Fig4c,Rapid,Gradual/incomplete,221,61.73184357541899
Fig4c,Rapid,Persistent/strengthened,1,0.27932960893854747
Fig4c,Overshoot/reversal,Rapid,51,35.91549295774648
Fig4c,Overshoot/reversal,Overshoot/reversal,50,35.2112676056338
Fig4c,Overshoot/reversal,Gradual/incomplete,39,27.464788732394368
Fig4c,Overshoot/reversal,Persistent/strengthened,2,1.408450704225352
Fig4c,Gradual/incomplete,Rapid,32,3.686635944700461
Fig4c,Gradual/incomplete,Overshoot/reversal,1,0.1152073732718894
Fig4c,Gradual/incomplete,Gradual/incomplete,678,78.11059907834101
Fig4c,Gradual/incomplete,Persistent/strengthened,157,18.087557603686637
Fig4c,Persistent/strengthened,Rapid,0,0.0
Fig4c,Persistent/strengthened,Overshoot/reversal,1,0.36764705882352944
Fig4c,Persistent/strengthened,Gradual/incomplete,37,13.602941176470589
Fig4c,Persistent/strengthened,Persistent/strengthened,234,86.02941176470588
