Panel,Unplanted_defined_class,Context,Day,N,Median_abs_function_deviation,Median_provider_replacement_BC
Fig6b,Rapid,Unplanted,7,225,0.405164164922225,0.6179884429369984
Fig6b,Rapid,Unplanted,14,225,0.224566900869058,0.5751709007434641
Fig6b,Rapid,Unplanted,28,221,0.219208214508479,0.6162846285435013
Fig6b,Rapid,Unplanted,42,221,0.131508336028166,0.6184639883857123
Fig6b,Rapid,Unplanted,56,221,0.169622710302591,0.6307506426141489
Fig6b,Rapid,Unplanted,70,220,0.1454167438816425,0.59705189783214
Fig6b,Rapid,Tomato-planted,7,225,0.581671474327544,0.6648697073236364
Fig6b,Rapid,Tomato-planted,14,225,0.390945189451515,0.6299338932913582
Fig6b,Rapid,Tomato-planted,28,225,0.334899980716785,0.6026624087289004
Fig6b,Rapid,Tomato-planted,42,225,0.259937585415463,0.6068154765324665
Fig6b,Rapid,Tomato-planted,56,221,0.312414318723178,0.6221432013193777
Fig6b,Rapid,Tomato-planted,70,221,0.46457729414542,0.644093242222157
Fig6b,Overshoot/reversal,Unplanted,7,97,0.358063885749518,0.552241397704817
Fig6b,Overshoot/reversal,Unplanted,14,97,0.309101667009381,0.45487874266267675
Fig6b,Overshoot/reversal,Unplanted,28,97,0.215327315523865,0.38944765000125403
Fig6b,Overshoot/reversal,Unplanted,42,97,0.39052996601556,0.4112671053891363
Fig6b,Overshoot/reversal,Unplanted,56,97,0.420471449412979,0.43047587662708325
Fig6b,Overshoot/reversal,Unplanted,70,97,0.447753533100178,0.4231278097752433
Fig6b,Overshoot/reversal,Tomato-planted,7,97,0.508227021807778,0.5866303536565931
Fig6b,Overshoot/reversal,Tomato-planted,14,97,0.35643356566016,0.4997322697979859
Fig6b,Overshoot/reversal,Tomato-planted,28,97,0.261237284272295,0.42433977055918076
Fig6b,Overshoot/reversal,Tomato-planted,42,97,0.232635188374668,0.41343720424778496
Fig6b,Overshoot/reversal,Tomato-planted,56,97,0.267647215925305,0.4116324138243013
Fig6b,Overshoot/reversal,Tomato-planted,70,97,0.307778556710038,0.4147945164483781
Fig6b,Gradual/incomplete,Unplanted,7,574,0.880173289342619,0.5657290353769056
Fig6b,Gradual/incomplete,Unplanted,14,574,0.7123834616996025,0.5120563077695721
Fig6b,Gradual/incomplete,Unplanted,28,555,0.655707919047411,0.5831868890191859
Fig6b,Gradual/incomplete,Unplanted,42,555,0.520648286420742,0.5596360462356181
Fig6b,Gradual/incomplete,Unplanted,56,560,0.531735946570864,0.5915016139155141
Fig6b,Gradual/incomplete,Unplanted,70,544,0.445126258941856,0.5536369874087665
Fig6b,Gradual/incomplete,Tomato-planted,7,572,0.9675319946988095,0.5985038820538237
Fig6b,Gradual/incomplete,Tomato-planted,14,574,0.8639601670590376,0.5618245520753302
Fig6b,Gradual/incomplete,Tomato-planted,28,574,0.8103313527968895,0.5388867712313772
Fig6b,Gradual/incomplete,Tomato-planted,42,574,0.7768844287509735,0.5056765536718361
Fig6b,Gradual/incomplete,Tomato-planted,56,560,0.7293705749289675,0.5804813061817156
Fig6b,Gradual/incomplete,Tomato-planted,70,560,0.8312219286098961,0.6154540880060388
Fig6b,Persistent/strengthened,Unplanted,7,160,1.27297872933064,0.3609563105182555
Fig6b,Persistent/strengthened,Unplanted,14,160,1.121158903188755,0.32961309812014156
Fig6b,Persistent/strengthened,Unplanted,28,158,0.9592268410412625,0.34437024136729455
Fig6b,Persistent/strengthened,Unplanted,42,158,1.077567547619605,0.37759610546627775
Fig6b,Persistent/strengthened,Unplanted,56,159,0.987716254536065,0.36825939578144157
Fig6b,Persistent/strengthened,Unplanted,70,158,0.8929173753043624,0.3647154799611666
Fig6b,Persistent/strengthened,Tomato-planted,7,160,1.142586234300315,0.39722084687253556
Fig6b,Persistent/strengthened,Tomato-planted,14,160,1.141747848157045,0.36849219062551847
Fig6b,Persistent/strengthened,Tomato-planted,28,160,1.032291814065645,0.41296354248867706
Fig6b,Persistent/strengthened,Tomato-planted,42,160,1.136208079777635,0.3854145998481483
Fig6b,Persistent/strengthened,Tomato-planted,56,159,1.03767647090594,0.38851478830380776
Fig6b,Persistent/strengthened,Tomato-planted,70,159,1.01367637136549,0.41605951594351787
