Panel,Context,Day,N,Median_treatment_to_reference_BC,Median_reference_temporal_drift_BC,Percent_treatment_gt_drift
Fig6c,Unplanted,7,1056,0.564650007696126,0.0,100.0
Fig6c,Unplanted,14,1056,0.49958041395761776,0.039062620403416584,99.0530303030303
Fig6c,Unplanted,28,1031,0.5544587650193838,0.09882767453277512,93.69544131910766
Fig6c,Unplanted,42,1031,0.5411260780097983,0.10308939263494918,90.78564500484966
Fig6c,Unplanted,56,1037,0.5664269796650824,0.11309048746774418,90.45323047251688
Fig6c,Unplanted,70,1019,0.5424960243263257,0.13165747331781089,87.43866535819431
Fig6c,Tomato-planted,7,1054,0.5983928383369659,0.0,100.0
Fig6c,Tomato-planted,14,1056,0.5570353437196547,0.042069874863504234,99.43181818181817
Fig6c,Tomato-planted,28,1056,0.5302039595553149,0.0691260527243994,95.17045454545455
Fig6c,Tomato-planted,42,1056,0.5073734726436401,0.07244051011040258,93.4659090909091
Fig6c,Tomato-planted,56,1037,0.5735271312706527,0.09052513832875052,93.44262295081968
Fig6c,Tomato-planted,70,1037,0.5924793244274863,0.11879964646959898,91.4175506268081
