Panel,KO,Context,Day,Group,MAG_provider,KO_copy_number,Mean_MAG_abundance,Provider_contribution_fraction
Fig6d,K00360,Unplanted,7,CK,MAG56,1.0,0.40104212000000006,0.02499122866767023
Fig6d,K00360,Unplanted,7,CK,MAG75,1.0,0.24796896,0.015452364409614559
Fig6d,K00360,Unplanted,7,CK,MAG31,1.0,0.31853441,0.019849701270358885
Fig6d,K00360,Unplanted,7,CK,MAG16,1.0,0.25507644,0.015895272146913806
Fig6d,K00360,Unplanted,7,CK,MAG27,1.0,0.47614683333333335,0.02967143299367258
Fig6d,K00360,Unplanted,7,CK,MAG78,1.0,2.45517087,0.152995741769899
Fig6d,K00360,Unplanted,7,CK,MAG50,1.0,0.5736971666666667,0.03575035230254913
Fig6d,K00360,Unplanted,7,CK,MAG13,1.0,3.3789304666666666,0.21056048662575474
Fig6d,K00360,Unplanted,7,CK,MAG81,1.0,3.2132118999999997,0.20023361473996573
Fig6d,K00360,Unplanted,7,CK,MAG60,1.0,2.72845,0.17002532765961048
Fig6d,K00360,Unplanted,7,CK,MAG14,1.0,1.0292879666666668,0.06414082126797055
Fig6d,K00360,Unplanted,7,CK,MAG37,1.0,0.9697979200000001,0.06043365614602017
Fig6d,K00360,Unplanted,7,CP,MAG56,1.0,4.845599,0.1903865744162899
Fig6d,K00360,Unplanted,7,CP,MAG75,1.0,1.8903454,0.07427283709807421
Fig6d,K00360,Unplanted,7,CP,MAG31,1.0,1.7554259666666665,0.06897176931790495
Fig6d,K00360,Unplanted,7,CP,MAG16,1.0,2.678395366666667,0.10523580651063562
Fig6d,K00360,Unplanted,7,CP,MAG27,1.0,2.682885966666667,0.1054122449553096
Fig6d,K00360,Unplanted,7,CP,MAG78,1.0,0.39688050333333336,0.015593679848919868
Fig6d,K00360,Unplanted,7,CP,MAG50,1.0,0.1723858766666667,0.006773147455312689
Fig6d,K00360,Unplanted,7,CP,MAG13,1.0,0.21633898333333335,0.008500092135056196
Fig6d,K00360,Unplanted,7,CP,MAG81,1.0,0.18234686,0.00716452063634791
Fig6d,K00360,Unplanted,7,CP,MAG60,1.0,0.5835662633333333,0.02292867854334374
Fig6d,K00360,Unplanted,7,CP,MAG14,1.0,1.9730553666666666,0.07752256271997403
Fig6d,K00360,Unplanted,7,CP,MAG37,1.0,8.074143666666666,0.3172380863628313
Fig6d,K00360,Unplanted,14,CK,MAG56,1.0,0.2965757433333333,0.01970921701178882
Fig6d,K00360,Unplanted,14,CK,MAG75,1.0,0.24030898999999997,0.01596995755809493
Fig6d,K00360,Unplanted,14,CK,MAG31,1.0,0.31538746,0.020959367148750296
Fig6d,K00360,Unplanted,14,CK,MAG16,1.0,0.22761377666666668,0.015126285342068833
Fig6d,K00360,Unplanted,14,CK,MAG27,1.0,0.42950172,0.028542936489928127
Fig6d,K00360,Unplanted,14,CK,MAG78,1.0,2.84243684,0.18889678532777937
Fig6d,K00360,Unplanted,14,CK,MAG50,1.0,0.6821869566666666,0.045335369037390626
Fig6d,K00360,Unplanted,14,CK,MAG13,1.0,2.8524728666666666,0.18956373881927618
Fig6d,K00360,Unplanted,14,CK,MAG81,1.0,2.656094766666667,0.17651324943750435
Fig6d,K00360,Unplanted,14,CK,MAG60,1.0,2.741562933333333,0.18219311598862606
Fig6d,K00360,Unplanted,14,CK,MAG14,1.0,0.9718735000000001,0.06458675785220178
Fig6d,K00360,Unplanted,14,CK,MAG37,1.0,0.7915504233333334,0.05260321998659064
Fig6d,K00360,Unplanted,14,CP,MAG56,1.0,4.0667363,0.16990391898333074
Fig6d,K00360,Unplanted,14,CP,MAG75,1.0,1.4294990666666667,0.05972295120528968
Fig6d,K00360,Unplanted,14,CP,MAG31,1.0,1.5500045333333332,0.06475754148486638
Fig6d,K00360,Unplanted,14,CP,MAG16,1.0,2.176468266666667,0.09093053022629563
Fig6d,K00360,Unplanted,14,CP,MAG27,1.0,2.225782133333333,0.09299081114662185
Fig6d,K00360,Unplanted,14,CP,MAG78,1.0,2.412501396666667,0.10079174345443191
Fig6d,K00360,Unplanted,14,CP,MAG50,1.0,0.60815369,0.025408014597645204
Fig6d,K00360,Unplanted,14,CP,MAG13,1.0,0.2557283166666667,0.010684057187744601
Fig6d,K00360,Unplanted,14,CP,MAG81,1.0,0.21317102666666665,0.008906058857164348
Fig6d,K00360,Unplanted,14,CP,MAG60,1.0,0.6282490333333334,0.026247576677352436
Fig6d,K00360,Unplanted,14,CP,MAG14,1.0,2.17177,0.0907342416400169
Fig6d,K00360,Unplanted,14,CP,MAG37,1.0,6.1974424,0.25892255453924046
Fig6d,K00360,Unplanted,28,CK,MAG56,1.0,0.0,0.0
Fig6d,K00360,Unplanted,28,CK,MAG75,1.0,0.0,0.0
Fig6d,K00360,Unplanted,28,CK,MAG31,1.0,0.25579798000000004,0.019318848904350504
Fig6d,K00360,Unplanted,28,CK,MAG16,1.0,0.0,0.0
Fig6d,K00360,Unplanted,28,CK,MAG27,1.0,0.34523790666666665,0.026073696731098474
Fig6d,K00360,Unplanted,28,CK,MAG78,1.0,3.263606923333333,0.246480167806911
Fig6d,K00360,Unplanted,28,CK,MAG50,1.0,0.8096840766666666,0.06115046075571777
Fig6d,K00360,Unplanted,28,CK,MAG13,1.0,2.4714945333333334,0.1866567885227042
Fig6d,K00360,Unplanted,28,CK,MAG81,1.0,2.283734566666667,0.17247643249988018
Fig6d,K00360,Unplanted,28,CK,MAG60,1.0,2.6820191333333336,0.2025564173549914
Fig6d,K00360,Unplanted,28,CK,MAG14,1.0,0.45054079666666674,0.034026576660413956
Fig6d,K00360,Unplanted,28,CK,MAG37,1.0,0.6787340566666668,0.051260610763932554
Fig6d,K00360,Unplanted,28,CP,MAG56,1.0,3.1660536066666665,0.12778056512260388
Fig6d,K00360,Unplanted,28,CP,MAG75,1.0,1.1655856333333332,0.047042536049454305
Fig6d,K00360,Unplanted,28,CP,MAG31,1.0,1.2822597,0.05175145131937465
Fig6d,K00360,Unplanted,28,CP,MAG16,1.0,1.6213096666666666,0.06543536249960248
Fig6d,K00360,Unplanted,28,CP,MAG27,1.0,1.8519250333333332,0.07474289974931074
Fig6d,K00360,Unplanted,28,CP,MAG78,1.0,5.171596999999999,0.20872343596926887
Fig6d,K00360,Unplanted,28,CP,MAG50,1.0,1.2663071,0.051107611228075306
Fig6d,K00360,Unplanted,28,CP,MAG13,1.0,0.25967972666666667,0.010480562348811643
Fig6d,K00360,Unplanted,28,CP,MAG81,1.0,0.21532173000000002,0.008690292635804222
Fig6d,K00360,Unplanted,28,CP,MAG60,1.0,0.7524450466666667,0.030368359235710664
Fig6d,K00360,Unplanted,28,CP,MAG14,1.0,3.5309131,0.1425061377251365
Fig6d,K00360,Unplanted,28,CP,MAG37,1.0,4.493873,0.18137078611684676
Fig6d,K00360,Unplanted,42,CK,MAG56,1.0,0.0,0.0
Fig6d,K00360,Unplanted,42,CK,MAG75,1.0,0.0,0.0
Fig6d,K00360,Unplanted,42,CK,MAG31,1.0,0.27800706999999997,0.018759848830432413
Fig6d,K00360,Unplanted,42,CK,MAG16,1.0,0.0,0.0
Fig6d,K00360,Unplanted,42,CK,MAG27,1.0,0.3564118166666666,0.024050581886447917
Fig6d,K00360,Unplanted,42,CK,MAG78,1.0,3.57205791,0.2410415907953361
Fig6d,K00360,Unplanted,42,CK,MAG50,1.0,0.93061648,0.06279777159591349
Fig6d,K00360,Unplanted,42,CK,MAG13,1.0,2.8242321666666665,0.19057849323296444
Fig6d,K00360,Unplanted,42,CK,MAG81,1.0,2.5755874999999997,0.17380001217073848
Fig6d,K00360,Unplanted,42,CK,MAG60,1.0,3.0773907,0.20766156890966334
Fig6d,K00360,Unplanted,42,CK,MAG14,1.0,0.4980620966666667,0.03360910800446508
Fig6d,K00360,Unplanted,42,CK,MAG37,1.0,0.7068938666666668,0.04770102457403877
Fig6d,K00360,Unplanted,42,CP,MAG56,1.0,2.7076388700000003,0.11316194513645646
Fig6d,K00360,Unplanted,42,CP,MAG75,1.0,1.0696006,0.04470244749260854
Fig6d,K00360,Unplanted,42,CP,MAG31,1.0,1.1662216333333333,0.048740587214355986
Fig6d,K00360,Unplanted,42,CP,MAG16,1.0,1.3721932333333333,0.057348879537648036
Fig6d,K00360,Unplanted,42,CP,MAG27,1.0,1.4986777333333334,0.06263512070082507
Fig6d,K00360,Unplanted,42,CP,MAG78,1.0,6.9760458666666665,0.2915539913316199
Fig6d,K00360,Unplanted,42,CP,MAG50,1.0,1.6866004333333333,0.07048908472199261
Fig6d,K00360,Unplanted,42,CP,MAG13,1.0,0.23653696666666665,0.009885728684592698
Fig6d,K00360,Unplanted,42,CP,MAG81,1.0,0.15224046666666666,0.006362675439240485
Fig6d,K00360,Unplanted,42,CP,MAG60,1.0,0.6794075199999999,0.02839487841431968
Fig6d,K00360,Unplanted,42,CP,MAG14,1.0,1.8661241000000002,0.07799202299899735
Fig6d,K00360,Unplanted,42,CP,MAG37,1.0,4.515827533333333,0.18873263832734313
Fig6d,K00360,Unplanted,56,CK,MAG56,1.0,0.0,0.0
Fig6d,K00360,Unplanted,56,CK,MAG75,1.0,0.0,0.0
Fig6d,K00360,Unplanted,56,CK,MAG31,1.0,0.24100894666666664,0.018463800328461316
Fig6d,K00360,Unplanted,56,CK,MAG16,1.0,0.0,0.0
Fig6d,K00360,Unplanted,56,CK,MAG27,1.0,0.33703572333333337,0.025820453494583402
Fig6d,K00360,Unplanted,56,CK,MAG78,1.0,2.307441853333333,0.17677412493904676
Fig6d,K00360,Unplanted,56,CK,MAG50,1.0,0.6308559033333333,0.04833014540031914
Fig6d,K00360,Unplanted,56,CK,MAG13,1.0,2.8377277999999997,0.21739956217554998
Fig6d,K00360,Unplanted,56,CK,MAG81,1.0,2.602896933333333,0.19940906724554355
Fig6d,K00360,Unplanted,56,CK,MAG60,1.0,2.7963883000000003,0.21423252508321292
Fig6d,K00360,Unplanted,56,CK,MAG14,1.0,0.7075528533333332,0.054205932130180975
Fig6d,K00360,Unplanted,56,CK,MAG37,1.0,0.5921437333333333,0.04536438920310196
Fig6d,K00360,Unplanted,56,CP,MAG56,1.0,2.7921399033333336,0.1111611985593317
Fig6d,K00360,Unplanted,56,CP,MAG75,1.0,1.0582742466666666,0.042132213190141286
Fig6d,K00360,Unplanted,56,CP,MAG31,1.0,1.1737057333333334,0.04672779323039414
Fig6d,K00360,Unplanted,56,CP,MAG16,1.0,1.3618920666666667,0.054219902898984006
Fig6d,K00360,Unplanted,56,CP,MAG27,1.0,1.6473129333333334,0.06558313208196027
Fig6d,K00360,Unplanted,56,CP,MAG78,1.0,5.255338533333333,0.20922652532666858
Fig6d,K00360,Unplanted,56,CP,MAG50,1.0,1.3030926,0.05187896748184641
Fig6d,K00360,Unplanted,56,CP,MAG13,1.0,0.27026581,0.010759873218867854
Fig6d,K00360,Unplanted,56,CP,MAG81,1.0,0.23914763000000003,0.009520990388657443
Fig6d,K00360,Unplanted,56,CP,MAG60,1.0,0.6785789000000001,0.027015710692369146
Fig6d,K00360,Unplanted,56,CP,MAG14,1.0,5.423742466666667,0.21593105436874513
Fig6d,K00360,Unplanted,56,CP,MAG37,1.0,3.9144454666666664,0.15584263856203395
Fig6d,K00360,Unplanted,70,CK,MAG56,1.0,0.0,0.0
Fig6d,K00360,Unplanted,70,CK,MAG75,1.0,0.0,0.0
Fig6d,K00360,Unplanted,70,CK,MAG31,1.0,0.0,0.0
Fig6d,K00360,Unplanted,70,CK,MAG16,1.0,0.0,0.0
Fig6d,K00360,Unplanted,70,CK,MAG27,1.0,0.2963461233333333,0.02328766561798443
Fig6d,K00360,Unplanted,70,CK,MAG78,1.0,3.1736810500000003,0.24939628782456397
Fig6d,K00360,Unplanted,70,CK,MAG50,1.0,0.8755043366666667,0.06879945656132457
Fig6d,K00360,Unplanted,70,CK,MAG13,1.0,2.2990818333333336,0.18066795799729976
Fig6d,K00360,Unplanted,70,CK,MAG81,1.0,2.114845633333333,0.16619018797598523
Fig6d,K00360,Unplanted,70,CK,MAG60,1.0,2.8679634000000003,0.22537218274555823
Fig6d,K00360,Unplanted,70,CK,MAG14,1.0,0.42147286333333334,0.033120457247625155
Fig6d,K00360,Unplanted,70,CK,MAG37,1.0,0.6765590066666668,0.05316580402965859
Fig6d,K00360,Unplanted,70,CP,MAG56,1.0,2.2939732466666665,0.09689903897549405
Fig6d,K00360,Unplanted,70,CP,MAG75,1.0,0.8991633666666666,0.037981291298219845
Fig6d,K00360,Unplanted,70,CP,MAG31,1.0,1.0312294333333334,0.04355985458786098
Fig6d,K00360,Unplanted,70,CP,MAG16,1.0,1.1787164333333333,0.04978980891803688
Fig6d,K00360,Unplanted,70,CP,MAG27,1.0,1.4490455666666666,0.06120870112401233
Fig6d,K00360,Unplanted,70,CP,MAG78,1.0,5.892637700000001,0.24890914965571764
Fig6d,K00360,Unplanted,70,CP,MAG50,1.0,1.4843111666666668,0.06269834480397228
Fig6d,K00360,Unplanted,70,CP,MAG13,1.0,0.17258257666666665,0.007290009091088815
Fig6d,K00360,Unplanted,70,CP,MAG81,1.0,0.09192446,0.003882953667957734
Fig6d,K00360,Unplanted,70,CP,MAG60,1.0,0.70868989,0.029935558042114833
Fig6d,K00360,Unplanted,70,CP,MAG14,1.0,4.8259058,0.20384964597375393
Fig6d,K00360,Unplanted,70,CP,MAG37,1.0,3.6456696666666666,0.15399564386177067
Fig6d,K00360,Tomato-planted,7,TCK,MAG56,1.0,0.32640005666666666,0.023352224366177197
Fig6d,K00360,Tomato-planted,7,TCK,MAG75,1.0,0.23674438333333334,0.01693782781011648
Fig6d,K00360,Tomato-planted,7,TCK,MAG31,1.0,0.31529898333333334,0.0225580003766571
Fig6d,K00360,Tomato-planted,7,TCK,MAG16,1.0,0.24691386,0.017665400909312137
Fig6d,K00360,Tomato-planted,7,TCK,MAG27,1.0,0.4532786833333333,0.03242972939926691
Fig6d,K00360,Tomato-planted,7,TCK,MAG78,1.0,2.380362996666667,0.1703025769627039
Fig6d,K00360,Tomato-planted,7,TCK,MAG50,1.0,0.5568016866666666,0.0398362612044049
Fig6d,K00360,Tomato-planted,7,TCK,MAG13,1.0,2.6008256666666667,0.18607553296884863
Fig6d,K00360,Tomato-planted,7,TCK,MAG81,1.0,2.3927094,0.17118589782882054
Fig6d,K00360,Tomato-planted,7,TCK,MAG60,1.0,2.6716264333333335,0.19114095913752677
Fig6d,K00360,Tomato-planted,7,TCK,MAG14,1.0,0.8603081000000001,0.061550564605926124
Fig6d,K00360,Tomato-planted,7,TCK,MAG37,1.0,0.9359874,0.06696502443023936
Fig6d,K00360,Tomato-planted,7,TCP,MAG56,1.0,6.294357366666667,0.21781658055883232
Fig6d,K00360,Tomato-planted,7,TCP,MAG75,1.0,2.092692833333333,0.07241774982948473
Fig6d,K00360,Tomato-planted,7,TCP,MAG31,1.0,2.2649595999999996,0.07837905070159117
Fig6d,K00360,Tomato-planted,7,TCP,MAG16,1.0,3.2019557000000005,0.11080385193384859
Fig6d,K00360,Tomato-planted,7,TCP,MAG27,1.0,3.1040169333333334,0.10741467556257114
Fig6d,K00360,Tomato-planted,7,TCP,MAG78,1.0,0.12079851666666667,0.004180239268944874
Fig6d,K00360,Tomato-planted,7,TCP,MAG50,1.0,0.06132163666666667,0.002122038587090569
Fig6d,K00360,Tomato-planted,7,TCP,MAG13,1.0,0.1946186,0.00673478728577441
Fig6d,K00360,Tomato-planted,7,TCP,MAG81,1.0,0.16205324333333332,0.005607861339151756
Fig6d,K00360,Tomato-planted,7,TCP,MAG60,1.0,0.5890144033333332,0.02038287560750788
Fig6d,K00360,Tomato-planted,7,TCP,MAG14,1.0,1.6324163666666667,0.05648985755378327
Fig6d,K00360,Tomato-planted,7,TCP,MAG37,1.0,9.179307333333334,0.3176504317714193
Fig6d,K00360,Tomato-planted,14,TCK,MAG56,1.0,0.12537081,0.007927626855888251
Fig6d,K00360,Tomato-planted,14,TCK,MAG75,1.0,0.23849211333333334,0.015080675338851827
Fig6d,K00360,Tomato-planted,14,TCK,MAG31,1.0,0.31290849000000004,0.01978627839095433
Fig6d,K00360,Tomato-planted,14,TCK,MAG16,1.0,0.22283115666666667,0.014090379267066305
Fig6d,K00360,Tomato-planted,14,TCK,MAG27,1.0,0.45409034666666664,0.02871369202475658
Fig6d,K00360,Tomato-planted,14,TCK,MAG78,1.0,2.8419586066666667,0.1797068023532226
Fig6d,K00360,Tomato-planted,14,TCK,MAG50,1.0,0.6864978433333334,0.043409616156413915
Fig6d,K00360,Tomato-planted,14,TCK,MAG13,1.0,3.1670583999999997,0.20026397872045712
Fig6d,K00360,Tomato-planted,14,TCK,MAG81,1.0,2.9422034999999997,0.18604563121262763
Fig6d,K00360,Tomato-planted,14,TCK,MAG60,1.0,2.9908995666666662,0.1891248507365566
Fig6d,K00360,Tomato-planted,14,TCK,MAG14,1.0,1.0304692333333334,0.0651601083883873
Fig6d,K00360,Tomato-planted,14,TCK,MAG37,1.0,0.8016385833333333,0.0506903605548177
Fig6d,K00360,Tomato-planted,14,TCP,MAG56,1.0,4.912769333333333,0.18678084890265984
Fig6d,K00360,Tomato-planted,14,TCP,MAG75,1.0,1.7255071333333334,0.0656028535605841
Fig6d,K00360,Tomato-planted,14,TCP,MAG31,1.0,1.8370727333333334,0.06984451769387565
Fig6d,K00360,Tomato-planted,14,TCP,MAG16,1.0,2.9126963666666668,0.11073914996789855
Fig6d,K00360,Tomato-planted,14,TCP,MAG27,1.0,2.6629220666666664,0.10124286536289483
Fig6d,K00360,Tomato-planted,14,TCP,MAG78,1.0,1.3921243600000002,0.052927819748143146
Fig6d,K00360,Tomato-planted,14,TCP,MAG50,1.0,0.3780430766666667,0.014372994535378141
Fig6d,K00360,Tomato-planted,14,TCP,MAG13,1.0,0.2326332133333333,0.008844589705145303
Fig6d,K00360,Tomato-planted,14,TCP,MAG81,1.0,0.19694295666666664,0.007487665334093929
Fig6d,K00360,Tomato-planted,14,TCP,MAG60,1.0,0.6330740566666667,0.024069135287941582
Fig6d,K00360,Tomato-planted,14,TCP,MAG14,1.0,2.2948050666666666,0.08724725492603184
Fig6d,K00360,Tomato-planted,14,TCP,MAG37,1.0,7.1237279,0.2708403049753531
Fig6d,K00360,Tomato-planted,28,TCK,MAG56,1.0,0.0,0.0
Fig6d,K00360,Tomato-planted,28,TCK,MAG75,1.0,0.14010440333333332,0.010365143380452952
Fig6d,K00360,Tomato-planted,28,TCK,MAG31,1.0,0.26100590666666673,0.01930962611723616
Fig6d,K00360,Tomato-planted,28,TCK,MAG16,1.0,0.06643136000000001,0.004914696147845226
Fig6d,K00360,Tomato-planted,28,TCK,MAG27,1.0,0.4410408333333334,0.03262889220732169
Fig6d,K00360,Tomato-planted,28,TCK,MAG78,1.0,2.64032325,0.19533525289624037
Fig6d,K00360,Tomato-planted,28,TCK,MAG50,1.0,0.6609772333333334,0.04890013184250222
Fig6d,K00360,Tomato-planted,28,TCK,MAG13,1.0,2.6515772666666666,0.19616784269057022
Fig6d,K00360,Tomato-planted,28,TCK,MAG81,1.0,2.4502495,0.18127329891951166
Fig6d,K00360,Tomato-planted,28,TCK,MAG60,1.0,2.592612266666667,0.19180551955948136
Fig6d,K00360,Tomato-planted,28,TCK,MAG14,1.0,0.9270290333333334,0.06858306105827153
Fig6d,K00360,Tomato-planted,28,TCK,MAG37,1.0,0.68552934,0.05071653518056653
Fig6d,K00360,Tomato-planted,28,TCP,MAG56,1.0,3.611320633333333,0.15010901506038915
Fig6d,K00360,Tomato-planted,28,TCP,MAG75,1.0,1.2696639333333335,0.0527751539786289
Fig6d,K00360,Tomato-planted,28,TCP,MAG31,1.0,1.3816659666666666,0.05743065721842546
Fig6d,K00360,Tomato-planted,28,TCP,MAG16,1.0,1.9611374666666668,0.08151710784196872
Fig6d,K00360,Tomato-planted,28,TCP,MAG27,1.0,2.5143065,0.10451026386061069
Fig6d,K00360,Tomato-planted,28,TCP,MAG78,1.0,3.5511208266666667,0.1476067355335729
Fig6d,K00360,Tomato-planted,28,TCP,MAG50,1.0,0.8828134466666667,0.036695234352227345
Fig6d,K00360,Tomato-planted,28,TCP,MAG13,1.0,0.15484339666666666,0.006436257569515307
Fig6d,K00360,Tomato-planted,28,TCP,MAG81,1.0,0.04817514666666667,0.002002459640325057
Fig6d,K00360,Tomato-planted,28,TCP,MAG60,1.0,0.5292347199999999,0.021998296640205327
Fig6d,K00360,Tomato-planted,28,TCP,MAG14,1.0,2.3107858,0.09605067388695546
Fig6d,K00360,Tomato-planted,28,TCP,MAG37,1.0,5.8429185,0.24286814441717572
Fig6d,K00360,Tomato-planted,42,TCK,MAG56,1.0,0.06756148666666667,0.0041091977771260295
Fig6d,K00360,Tomato-planted,42,TCK,MAG75,1.0,0.16836436,0.010240189906901296
Fig6d,K00360,Tomato-planted,42,TCK,MAG31,1.0,0.32695741333333334,0.019886073299613737
Fig6d,K00360,Tomato-planted,42,TCK,MAG16,1.0,0.07236652,0.00440144759675724
Fig6d,K00360,Tomato-planted,42,TCK,MAG27,1.0,0.5213949933333333,0.03171207818709891
Fig6d,K00360,Tomato-planted,42,TCK,MAG78,1.0,3.0635325633333337,0.1863289548602178
Fig6d,K00360,Tomato-planted,42,TCK,MAG50,1.0,0.7785418566666666,0.047352162077165236
Fig6d,K00360,Tomato-planted,42,TCK,MAG13,1.0,2.9571687,0.1798597344161462
Fig6d,K00360,Tomato-planted,42,TCK,MAG81,1.0,2.7158495666666673,0.16518231840302938
Fig6d,K00360,Tomato-planted,42,TCK,MAG60,1.0,3.883735533333334,0.23621501254489924
Fig6d,K00360,Tomato-planted,42,TCK,MAG14,1.0,1.1267474433333333,0.06853058329475929
Fig6d,K00360,Tomato-planted,42,TCK,MAG37,1.0,0.7593066766666666,0.04618224763628576
Fig6d,K00360,Tomato-planted,42,TCP,MAG56,1.0,3.6341482500000004,0.14210816991352668
Fig6d,K00360,Tomato-planted,42,TCP,MAG75,1.0,1.3034836666666667,0.05097086459865071
Fig6d,K00360,Tomato-planted,42,TCP,MAG31,1.0,1.7249723666666668,0.0674525774171169
Fig6d,K00360,Tomato-planted,42,TCP,MAG16,1.0,1.9331870333333334,0.07559451417744444
Fig6d,K00360,Tomato-planted,42,TCP,MAG27,1.0,2.1504769333333336,0.08409132495826309
Fig6d,K00360,Tomato-planted,42,TCP,MAG78,1.0,5.418528300000001,0.21188379982507674
Fig6d,K00360,Tomato-planted,42,TCP,MAG50,1.0,1.1482556666666666,0.04490089565906853
Fig6d,K00360,Tomato-planted,42,TCP,MAG13,1.0,0.15404404666666668,0.006023672137721377
Fig6d,K00360,Tomato-planted,42,TCP,MAG81,1.0,0.04387182,0.0017155447775075378
Fig6d,K00360,Tomato-planted,42,TCP,MAG60,1.0,0.5311934866666667,0.020771561605992635
Fig6d,K00360,Tomato-planted,42,TCP,MAG14,1.0,1.9079163999999997,0.07460634220191872
Fig6d,K00360,Tomato-planted,42,TCP,MAG37,1.0,5.623034766666667,0.2198807327277126
Fig6d,K00360,Tomato-planted,56,TCK,MAG56,1.0,0.0,0.0
Fig6d,K00360,Tomato-planted,56,TCK,MAG75,1.0,0.0,0.0
Fig6d,K00360,Tomato-planted,56,TCK,MAG31,1.0,0.27206212,0.019497215492389353
Fig6d,K00360,Tomato-planted,56,TCK,MAG16,1.0,0.0,0.0
Fig6d,K00360,Tomato-planted,56,TCK,MAG27,1.0,0.43364175666666666,0.031076751060486726
Fig6d,K00360,Tomato-planted,56,TCK,MAG78,1.0,2.7592779566666668,0.1977424748602627
Fig6d,K00360,Tomato-planted,56,TCK,MAG50,1.0,0.72040852,0.05162776852945675
Fig6d,K00360,Tomato-planted,56,TCK,MAG13,1.0,2.6210135666666665,0.18783381647461986
Fig6d,K00360,Tomato-planted,56,TCK,MAG81,1.0,2.420877133333333,0.1734911245608091
Fig6d,K00360,Tomato-planted,56,TCK,MAG60,1.0,2.9185203333333334,0.20915451168990376
Fig6d,K00360,Tomato-planted,56,TCK,MAG14,1.0,1.1370663833333332,0.08148737613675065
Fig6d,K00360,Tomato-planted,56,TCK,MAG37,1.0,0.67102837,0.04808896119532104
Fig6d,K00360,Tomato-planted,56,TCP,MAG56,1.0,3.002864926666667,0.12573067787053166
Fig6d,K00360,Tomato-planted,56,TCP,MAG75,1.0,1.0637676666666667,0.04454020846526091
Fig6d,K00360,Tomato-planted,56,TCP,MAG31,1.0,1.1694579999999999,0.048965488182758345
Fig6d,K00360,Tomato-planted,56,TCP,MAG16,1.0,1.8207312,0.07623445395865386
Fig6d,K00360,Tomato-planted,56,TCP,MAG27,1.0,2.1671819666666665,0.0907404310190735
Fig6d,K00360,Tomato-planted,56,TCP,MAG78,1.0,4.171924996666667,0.17467950462832857
Fig6d,K00360,Tomato-planted,56,TCP,MAG50,1.0,1.2780736333333333,0.05351325091596138
Fig6d,K00360,Tomato-planted,56,TCP,MAG13,1.0,0.17505337666666668,0.007329527051440594
Fig6d,K00360,Tomato-planted,56,TCP,MAG81,1.0,0.06308022,0.002641184007442591
Fig6d,K00360,Tomato-planted,56,TCP,MAG60,1.0,0.52779737,0.022099003028433633
Fig6d,K00360,Tomato-planted,56,TCP,MAG14,1.0,2.5952039,0.10866181247834329
Fig6d,K00360,Tomato-planted,56,TCP,MAG37,1.0,5.8481741000000005,0.24486445839377172
Fig6d,K00360,Tomato-planted,70,TCK,MAG56,1.0,0.0,0.0
Fig6d,K00360,Tomato-planted,70,TCK,MAG75,1.0,0.0,0.0
Fig6d,K00360,Tomato-planted,70,TCK,MAG31,1.0,0.09403526666666667,0.007138578869782658
Fig6d,K00360,Tomato-planted,70,TCK,MAG16,1.0,0.0,0.0
Fig6d,K00360,Tomato-planted,70,TCK,MAG27,1.0,0.3831057466666667,0.029083031132791044
Fig6d,K00360,Tomato-planted,70,TCK,MAG78,1.0,2.925906976666667,0.22211685529240088
Fig6d,K00360,Tomato-planted,70,TCK,MAG50,1.0,0.7985765100000001,0.06062301519703721
Fig6d,K00360,Tomato-planted,70,TCK,MAG13,1.0,2.5568555,0.19410073786559057
Fig6d,K00360,Tomato-planted,70,TCK,MAG81,1.0,2.3505845,0.17844191267962553
Fig6d,K00360,Tomato-planted,70,TCK,MAG60,1.0,3.0097552333333333,0.2284820990411162
Fig6d,K00360,Tomato-planted,70,TCK,MAG14,1.0,0.34201894,0.025963973567535256
Fig6d,K00360,Tomato-planted,70,TCK,MAG37,1.0,0.7119886333333333,0.054049796354120674
Fig6d,K00360,Tomato-planted,70,TCP,MAG56,1.0,3.602782533333333,0.13642861177980084
Fig6d,K00360,Tomato-planted,70,TCP,MAG75,1.0,1.2891654666666668,0.04881756068942281
Fig6d,K00360,Tomato-planted,70,TCP,MAG31,1.0,1.4973571333333335,0.056701272738281155
Fig6d,K00360,Tomato-planted,70,TCP,MAG16,1.0,2.0099727,0.07611277745442739
Fig6d,K00360,Tomato-planted,70,TCP,MAG27,1.0,2.3571161333333333,0.08925825494577135
Fig6d,K00360,Tomato-planted,70,TCP,MAG78,1.0,5.3376068,0.20212218728524933
Fig6d,K00360,Tomato-planted,70,TCP,MAG50,1.0,1.2560370666666667,0.04756306875695962
Fig6d,K00360,Tomato-planted,70,TCP,MAG13,1.0,0.12450338000000001,0.004714640181065149
Fig6d,K00360,Tomato-planted,70,TCP,MAG81,1.0,0.05701664666666667,0.0021590817322731395
Fig6d,K00360,Tomato-planted,70,TCP,MAG60,1.0,0.5734644833333333,0.021715705192397978
Fig6d,K00360,Tomato-planted,70,TCP,MAG14,1.0,2.3622655666666668,0.08945325146155308
Fig6d,K00360,Tomato-planted,70,TCP,MAG37,1.0,5.940534366666667,0.22495358778279814
