sampleid,treatment,day,CO2,N2O,MBN,SIR,MBP,MBC,K,P,NO3-N,NH4-N,Mineralization rate,nitrification rate,pH,EC,C/N,Denitrification rate
trim7,TCP,7,236.6939,177.4373,114.5154,3.213760922,32.5,48.20641384,270,327.5,66.1,24.65,0.2,0.73,7.62,841,10.3699,2.646542
trim79,TCP,7,241.905,123.117,70.07092,3.406821554,52.08333,51.10232331,265,331,71.45,27.75,0.19,0.72,7.67,847,10.59867,2.045854
trim8,TCP,7,245,157.1324,92.76596,2.61156404,63.9881,39.1734606,275,338,68.55,24.85,0.2,0.73,7.6,882,10.71297,2.159667
trim9,TCP,7,246,163.9007,83.49882,2.913701401,48.25893,43.70552102,270,326,64.65,25.05,0.225,0.72,7.65,860,10.69973,1.979583
trim10,TCK,7,213.4346,29.26293,219.4799,4.527384262,72.91667,67.91076393,262.5,295.5,68.35,5.35,0.135714,0.93,7.56,760,10.67833,2.106729
trim11,TCK,7,176.0862,32.04987,126.8085,3.817267757,78.45238,57.25901636,250,303,65.35,8.25,-0.15,0.89,7.64,754,10.65767,1.288979
trim12,TCK,7,180.5289,38.6191,200.5674,4.168594581,87.79762,62.52891872,247.5,301.5,68.8,6.5,-3.57E-03,0.91,7.57,769,10.58723,1.385063
trim80,TCK,7,180.4107,32.24894,161.7967,4.068709091,83.33333,61.03063637,247.5,312.5,65.9,5.85,6.79E-02,0.92,7.66,768,10.64427,1.780271
trim13,CP,7,204.118,255.0055,85.20095,3.42097168,20.83333,51.3145752,275,315,70.05,24.6,0.3,0.74,7.63,855,10.72427,2.168542
trim14,CP,7,206.2103,168.2121,6.713948,3.189376717,27.58929,47.84065076,267.5,318,64.1,25.8,0.28,0.71,7.55,850,10.769,2.5
trim15,CP,7,201.8299,190,57.77778,3.146460863,34.77679,47.19691295,277.5,313.5,68.6,24.3,0.351786,0.74,7.64,819,10.7185,2.619
trim81,CP,7,240.4633,249.6307,46.43026,3.17276294,19.34524,47.5914441,265,325.5,62.3,24.15,0.3,0.72,7.67,883,10.73223,2.461563
trim16,CK,7,159.7214,29.86013,186.383,4.169281268,81.84524,62.53921902,247.5,316,62.05,5.25,-1.96E-02,0.92,7.56,733,10.64347,2.298313
trim17,CK,7,217.2815,32.24894,151.3948,3.421645943,84.83631,51.32468915,250,319,66.7,5.2,0.01,0.93,7.57,738,10.59363,1.550938
trim18,CK,7,159.1926,30.85547,135.3191,4.317077759,80.35714,64.75616638,275,308,59.05,5.95,2.50E-02,0.91,7.67,767,10.62873,1.913604
trim82,CK,7,199.6014,29.46199,150.3546,3.409643827,83.33333,51.14465741,252.5,305,61,5.25,-7.86E-02,0.92,7.68,737,10.86653,2.083333
trim19,TCP,14,227.6509,313.7304,66.28842,2.60058318,32.84226,39.0087477,245,331.5,73.2,18.25,1.057143,0.8,7.66,916,10.45813,0.790146
trim20,TCP,14,242.788,295.4251,111.6785,2.959652306,31.25,44.39478458,247.5,338.5,69.4,16.15,0.725,0.81,7.67,900,10.8272,0.773625
trim21,TCP,14,234.8506,297.4069,62.50591,3.045942941,32.7381,45.68914411,245,340,62.4,17.6,1.203571,0.78,7.66,940,10.77857,0.734292
trim83,TCP,14,235.631,275.3104,83.30969,2.649896731,68.63095,39.74845097,250,334,65.6,16.3,0.9,0.8,7.64,916,10.89197,0.690938
trim22,TCK,14,176.1099,38.0219,160.6619,3.493480767,86.30952,52.4022115,242.5,326.5,61.6,2,0.610714,0.94,7.68,838,10.6916,0.211188
trim23,TCK,14,158.5138,30.45733,189.2199,2.962411483,78.86905,44.43617225,237.5,328.5,70.25,1.85,0.510714,0.97,7.61,807,10.68577,0.265021
trim24,TCK,14,185.296,33.84148,209.078,3.621982247,87.79762,54.3297337,247.5,331,68.65,2.45,0.7,0.97,7.61,847,10.75793,0.239792
trim84,TCK,14,194.0336,34.23961,197.7305,3.018730669,89.28571,45.28096004,247.5,334,64,1.8,0.6,0.97,7.64,814,10.75757,0.801354
trim25,CP,14,194.1326,190.1095,41.70213,2.343188232,14.88095,35.14782348,255,336,78.35,12.35,0.85,0.86,7.53,971,10.71613,2.236375
trim26,CP,14,186.7166,278.2964,38.86525,2.390891702,28.27381,35.86337553,247.5,330.5,76.95,10.45,0.773214,0.88,7.52,991,10.55597,1.628083
trim27,CP,14,197.1498,265.1579,61.56028,2.585571957,15.95238,38.78357936,250,341,77.75,10.8,0.685714,0.88,7.55,985,10.593,1.666667
trim85,CP,14,203.6755,248,27.51773,2.300721116,17.85714,34.51081674,247,342.5,77.7,9.6,1.008929,0.89,7.51,982,10.73977,2.083333
trim28,CK,14,167.6741,33.44334,164.6336,2.964234404,70.83631,44.46351606,245,312,69.95,1.7,0.314286,0.98,7.5,796,10.6312,0.802
trim29,CK,14,173.8177,33.44334,163.6879,2.946093203,69.91518,44.19139805,242.5,311.5,63.15,2.05,0.34,0.97,7.55,767,10.6225,1.25
trim30,CK,14,154.5021,34.63775,134.3735,3.134000777,69.94048,47.01001165,240,316,71.8,1.9,0.226786,0.97,7.47,800,10.60633,0.711833
trim86,CK,14,165.433,33.04521,213.8061,3.012580767,65.47619,45.1887115,242.5,316,70.25,1.75,0.401786,0.98,7.55,815,10.72567,1.010479
trim31,TCP,28,258.1656,187.7888,71.01655,3.194263051,47.00893,47.91394576,232,314,67.75,12,0.47,0.91,7.59,1037,10.66233,1.273813
trim32,TCP,28,276.3474,118.2461,83.30969,3.115142126,40.17857,46.72713188,222.5,312,76.8,10.9,0.401613,0.88,7.58,1028,10.7479,1.415896
trim33,TCP,28,270.444,195.2106,110.7329,2.51175847,34.22619,37.67637706,232.5,320.5,73.45,14.05,0.356452,0.84,7.49,996,10.87757,1.297333
trim87,TCP,28,259.1445,191.1048,83.21513,2.422692168,38.69048,36.34038252,210,327.5,71,13.35,0.566129,0.84,7.52,963,10.6184,0.910688
trim34,TCK,28,203.4761,24.68437,258.2506,3.384514331,85.28125,50.76771497,232.5,324,79.85,2.25,0.298387,0.97,7.53,930,10.62907,0.779146
trim35,TCK,28,200.5372,23.09183,245.9574,3.234724216,76.78869,48.52086324,245,322,82.3,2.65,0.2,0.97,7.58,946,10.61087,0.427854
trim36,TCK,28,209.9361,27.67039,211.9149,3.254142579,93.24405,48.81213868,237.5,325.5,75.9,2.6,0.227419,0.97,7.55,930,10.59617,0.625
trim88,TCK,28,199.437,26.67505,210.9693,3.182128457,113.1994,47.73192685,237.5,324.5,85.85,3,0.332258,0.95,7.56,938,10.41077,0.918354
trim37,CP,28,185,160.6736,113.2861,1.610504731,15.81845,24.15757096,250,364.5,110.1,12,0.4,0.96,7.44,1056,10.57317,0.999062
trim38,CP,28,194.2128,171.5962,36.974,1.929458755,25.29762,28.94188132,252.5,370.5,108.35,12.1,0.398387,0.9,7.47,1075,10.52743,0.997063
trim39,CP,28,162.2726,145.1202,37.63593,1.616143549,39.36012,24.24215324,260,365.5,111.25,12.2,0.782258,0.9,7.47,1078,10.25267,1.073604
trim89,CP,28,150.1612,165.6242,51.15839,1.510315495,18.66071,22.65473243,260,364.5,112.3,13,0.44,0.9,7.48,1077,10.19133,1.219375
trim40,CK,28,135.2541,25.28158,198.6761,2.603859085,71.24256,39.05788628,250,348,98.05,4.5,0.354839,0.96,7.55,933,10.2788,0.602
trim41,CK,28,119.6979,25.87878,194.8936,2.219509639,100.6994,33.29264458,255,351,91.15,5.5,0.2,0.94,7.55,940,10.41057,0.532021
trim42,CK,28,138.2876,23.2909,183.5461,2.324275758,81.84524,34.86413637,252.5,350,92.65,4.8,0.15,0.95,7.53,980,10.34613,0.552792
trim90,CK,28,135.3174,26.47598,167.4704,2.370699018,85.99256,35.56048527,262.5,340,93.65,4.55,0.167742,0.95,7.53,968,10.40793,0.587833
trim43,TCP,42,246.8564,275.7085,225.1537,3.3,63.76488,49.54,175,324,70.85,9.8,0.61,0.88,7.53,971,10.65147,1.767438
trim44,TCP,42,285.7232,263.3663,181.6548,3.35,41.66667,50.27,170,333.5,64.2,9.85,0.5,0.87,7.52,992,10.60737,1.434417
trim45,TCP,42,257.4336,316.3183,245.9574,3.29,38.69048,49.41,175,335,64.45,10.95,0.694643,0.85,7.48,991,10.6102,1.233021
trim91,TCP,42,287.5837,231.7146,302.695,3.34,46.13095,50.17,177.5,330,68.7,11.95,0.496429,0.85,7.55,1016,10.53697,1.188813
trim46,TCK,42,202.2003,26.27691,235.5556,3.11,99.70238,46.61,202.5,339,80.25,2.55,0.25,0.97,7.52,983,10.50677,0.349688
trim47,TCK,42,218.0743,31.45267,254.6572,3.07,81.84524,46.12,210,338,76.95,3.65,0.228571,0.95,7.54,1024,10.7207,0.503625
trim48,TCK,42,219.4956,29.26293,298.9125,3.12,87.79762,46.8,200,344.5,71.35,3.7,0.282143,0.95,7.54,960,10.6738,0.3315
trim92,TCK,42,204.7602,28.06852,267.7069,3.3,66.96429,49.48,200,349.5,82,2.75,0.442857,0.97,7.59,960,10.6355,0.260604
trim49,CP,42,196.6196,132.9771,136.0757,2.27,25.29762,33.98,245,342,106.75,5.65,0.3,0.95,7.46,1168,10.34927,0.663792
trim50,CP,42,192.644,98.33936,137.4941,2.25,23.80952,33.74,247.5,346,105.55,5.55,0.35,0.95,7.42,1195,10.53957,0.845667
trim51,CP,42,172.6345,82.41396,141.9385,2.31,22.32143,34.62,240,343.5,101.9,4.85,0.591071,0.95,7.35,1093,10.6402,0.852375
trim93,CP,42,187.1019,104.5105,192.0567,2.32,25.29762,34.74,255,342,98.05,5.8,0.442857,0.94,7.37,1103,10.6743,1.226583
trim52,CK,42,156.2418,29.66106,264.87,2.62,65.47619,39.3,242.5,338,89.65,3.95,0.2,0.96,7.48,917,10.54603,0.704021
trim53,CK,42,157.6544,27.47132,286.6194,2.55,71.42857,38.3,237.5,331,81.7,3.4,0.17,0.96,7.47,939,10.758,0.486146
trim54,CK,42,158.5853,23.09183,264.87,2.51,75.89286,37.66,255,337.5,87.25,3.95,0.1375,0.95,7.48,942,10.42523,0.47875
trim94,CK,42,151.4418,30.0592,247.8487,2.39,83.33333,35.89,255,340.5,82.5,2.95,0.258929,0.97,7.51,984,10.59607,0.76875
trim55,TCP,56,275.449,180.0396,201.513,2.939046,65.47619,44.09,162.5,335,76.45,8.45,0.5,0.9,7.44,1056,10.8398,1.749771
trim56,TCP,56,307.1771,177.3692,245.3901,3.196923,56.54762,47.95,157.5,324,73.35,10.55,0.680357,0.87,7.43,1068,10.78847,2.083333
trim57,TCP,56,243.3428,197.7422,229.8818,3.233552,63.9881,48.5,152.5,323.5,78,8.45,0.607143,0.9,7.54,1100,10.61237,1.749021
trim95,TCP,56,268.9639,129.1948,266.7612,2.936553,75.14881,44.05,177.5,334.5,68.75,10.3,0.4375,0.87,7.7,1111,10.1046,2.083333
trim58,TCK,56,161.4486,28.46666,217.5887,3.015169,68.00595,45.23,200,326,79.95,3.5,0.3,0.94,7.51,1093,10.5832,0.314313
trim59,TCK,56,193.0764,25.67971,267.5177,2.885555,55.50595,43.28,182.5,322,87.3,4.8,0.294643,0.95,7.5,1197,10.34283,0.346771
trim60,TCK,56,155.1966,26.27691,272.0567,3.111401,58.03571,46.67,197.5,327.5,82.2,3.1,0.558929,0.96,7.45,1263,10.5798,0.343729
trim96,TCK,56,151.506,28.06852,229.7872,3.148666,102.9613,47.23,190,321.5,77.75,3.5,0.726786,0.96,7.51,1035,10.61063,0.255396
trim61,CP,56,122.8546,70.86804,169.5508,2.099746,22.32143,31.5,265,338,112.35,8,0.6,0.94,7.32,1499,10.3753,0.209583
trim62,CP,56,145.1943,81.02048,146.6667,2.169312,46.875,32.54,250,337.5,121.9,8.05,0.741071,0.94,7.34,1510,10.1401,0.176458
trim63,CP,56,155.3759,78,85.20095,2.19884,28.27381,32.98,262.5,339.5,128.3,7.3,0.891071,0.95,7.4,1400,10.3363,0.112667
trim97,CP,56,198.5067,73.25685,107.7069,2.121939,45.46131,31.83,262.5,339,118.9,7,0.7,0.9,7.42,1405,10.2998,0.194375
trim64,CK,56,136.5383,31.2536,277.3522,2.731094,66.96429,40.97,267.5,325.5,104.6,6.6,0.796429,0.94,7.48,1189,10.2372,0.277521
trim65,CK,56,179.5139,37.82283,297.0213,2.491375,65.47619,37.37,255,334,105.4,6.65,0.475,0.94,7.45,1160,10.39733,0.132062
trim66,CK,56,142.7356,32.44801,273.3806,2.604908,74.40476,39.07,267.5,329.5,108.75,6,0.746429,0.97,7.51,1228,10.31893,0.146
trim98,CK,56,113.9239,29.86013,152.3404,2.404347,75.89286,36.07,272.5,326.5,101.5,5.25,0.5875,0.95,7.55,1286,10.17907,0.166604
trim67,TCP,70,274.4712,229.7239,193.0024,3.341751506,69.94048,50.12627259,162.5,334,67.5,10.8,0.4,0.86,7.58,1113,10.5569,2.351688
trim68,TCP,70,263.5216,361.1085,240.0946,3.147344615,97.82738,47.21016922,160,335,68.65,10.9,0.385714,0.86,7.59,1127,10.74777,2.472458
trim69,TCP,70,279.8612,414.0605,280.9456,3.306750037,57.32143,49.60125056,157.5,334,67,11.3,0.380357,0.86,7.55,1095,10.75003,2.675917
trim99,TCP,70,253.4185,288.4488,174.0898,3.005884841,87.79762,45.08827262,160,334,66.85,12.4,0.44,0.84,7.56,1092,10.6948,2.704604
trim100,TCK,70,149.2169,25.28158,238.3924,2.755505529,89.28571,41.33258293,212.5,330.5,89.9,2.6,0.235714,0.97,7.51,1165,10.62387,0.440063
trim70,TCK,70,129.2304,28.66572,229.2199,2.598953731,66.96429,38.98430597,207.5,337.5,83.95,2.95,0.33,0.97,7.62,1159,10.4649,0.390188
trim71,TCK,70,128.1487,27.47132,246.6194,2.528457739,80.35714,37.92686609,207.5,336,85.25,3,0.608929,0.93,7.59,1140,10.57607,0.398396
trim72,TCK,70,127.7799,26.87412,229.2199,2.423811704,90.77381,36.35717556,210,339.5,88.7,3.6,0.394643,0.96,7.61,1120,10.53453,0.490333
trim101,CP,70,164.5637,126.806,156.1229,2.058734078,28.27381,30.88101117,255,341.5,110.45,7.7,0.698214,0.93,7.44,1390,10.33,0.122646
trim73,CP,70,152.6534,132.3799,179.7636,2.135441562,26.78571,32.03162343,255,350,114.25,7.75,0.885714,0.94,7.4,1471,10.39493,0.393438
trim74,CP,70,154.1907,130.1902,143.8298,2.110930548,31.99405,31.66395822,257.5,350,115.85,8.25,0.766071,0.93,7.4,1430,10.2527,0.302625
trim75,CP,70,146.8784,77.8354,125.7683,2.048917329,34.22619,30.73375994,247.5,344.5,114.15,8,0.75,0.94,7.41,1431,10.33537,0.220813
trim102,CK,70,139.7907,29.66106,240.2837,2.507263073,74.40476,37.60894609,250,337,98.1,4.6,0.619643,0.96,7.44,1280,10.2047,0.206
trim76,CK,70,126.2141,30.6564,216.4539,2.413439987,66.96429,36.20159981,252.5,339,97.5,4.8,0.7,0.94,7.48,1286,10.29797,0.191167
trim77,CK,70,138.1525,31.65174,251.6312,2.463393152,72.91667,36.95089729,257.5,339,97.5,4.85,0.741071,0.95,7.44,1298,10.17537,0.315563
trim78,CK,70,122.7914,28.46666,211.9149,2.468367922,87.79762,37.02551884,255,336,96.55,4.8,0.7375,0.95,7.48,1293,10.20583,0.147771
