Section,Metric,Context,Day,Treatment,Reference,Treatment_mean,Reference_mean,log2_mean_ratio,P,FDR,Note
Functional/pathogen qPCR,FS,Tomato-planted,7,TCP,TCK,115000.0,193666.66666666666,-0.7519418017389973,0.0013170820445549214,0.003951246133664764,7-70 d trajectory; no true day-0 C/N/P qPCR
Functional/pathogen qPCR,FS,Tomato-planted,14,TCP,TCK,128666.66666666667,206000.0,-0.6790059906362941,0.00017632896157271857,0.0010579737694363114,7-70 d trajectory; no true day-0 C/N/P qPCR
Functional/pathogen qPCR,FS,Tomato-planted,28,TCP,TCK,141333.33333333334,186333.33333333334,-0.398784018279991,0.01231182002237053,0.02462364004474106,7-70 d trajectory; no true day-0 C/N/P qPCR
Functional/pathogen qPCR,FS,Tomato-planted,42,TCP,TCK,148333.33333333334,194333.33333333334,-0.38969054734673636,0.029137352595331,0.043706028892996504,7-70 d trajectory; no true day-0 C/N/P qPCR
Functional/pathogen qPCR,FS,Tomato-planted,56,TCP,TCK,156666.66666666666,176000.0,-0.16787717279345374,0.1185414442160933,0.14224973305931196,7-70 d trajectory; no true day-0 C/N/P qPCR
Functional/pathogen qPCR,FS,Tomato-planted,70,TCP,TCK,164333.33333333334,175666.66666666666,-0.096215315259303,0.24140640562751686,0.24140640562751683,7-70 d trajectory; no true day-0 C/N/P qPCR
Functional/pathogen qPCR,RS,Tomato-planted,7,TCP,TCK,46000.0,92133.33333333333,-1.002089348722727,0.010535335437980539,0.010535335437980539,7-70 d trajectory; no true day-0 C/N/P qPCR
Functional/pathogen qPCR,RS,Tomato-planted,14,TCP,TCK,39433.333333333336,71733.33333333333,-0.8632280042168354,0.002042814871033679,0.002451377845240415,7-70 d trajectory; no true day-0 C/N/P qPCR
Functional/pathogen qPCR,RS,Tomato-planted,28,TCP,TCK,7880.0,36933.333333333336,-2.2286559407590185,0.0002424575606698914,0.0007273726820096742,7-70 d trajectory; no true day-0 C/N/P qPCR
Functional/pathogen qPCR,RS,Tomato-planted,42,TCP,TCK,11053.333333333334,37000.0,-1.7430437646290802,0.0010450946771048172,0.0015676420156572257,7-70 d trajectory; no true day-0 C/N/P qPCR
Functional/pathogen qPCR,RS,Tomato-planted,56,TCP,TCK,7960.0,80800.0,-3.343514957095508,0.0007569339010234432,0.0015138678020468865,7-70 d trajectory; no true day-0 C/N/P qPCR
Functional/pathogen qPCR,RS,Tomato-planted,70,TCP,TCK,7693.333333333333,126000.0,-4.033671105350315,7.211323086631417e-07,4.32679385197885e-06,7-70 d trajectory; no true day-0 C/N/P qPCR
Functional/pathogen qPCR,mcrA,Tomato-planted,7,TCP,TCK,84000.0,73466.66666666667,0.19329950981612118,0.027866722409031645,0.03344006689083797,7-70 d trajectory; no true day-0 C/N/P qPCR
Functional/pathogen qPCR,mcrA,Tomato-planted,14,TCP,TCK,101666.66666666667,70266.66666666667,0.5329343757003963,0.004667060114473612,0.012757994818625771,7-70 d trajectory; no true day-0 C/N/P qPCR
Functional/pathogen qPCR,mcrA,Tomato-planted,28,TCP,TCK,93333.33333333333,68933.33333333333,0.4371906415173942,0.00038852658091773583,0.0023311594855064148,7-70 d trajectory; no true day-0 C/N/P qPCR
Functional/pathogen qPCR,mcrA,Tomato-planted,42,TCP,TCK,99533.33333333333,77200.0,0.3665789121453047,0.006378997409312886,0.012757994818625771,7-70 d trajectory; no true day-0 C/N/P qPCR
Functional/pathogen qPCR,mcrA,Tomato-planted,56,TCP,TCK,88933.33333333333,76133.33333333333,0.2241960158217422,0.014182084545246618,0.021273126817869928,7-70 d trajectory; no true day-0 C/N/P qPCR
Functional/pathogen qPCR,mcrA,Tomato-planted,70,TCP,TCK,82000.0,77600.0,0.07956725731831839,0.09983850177333677,0.09983850177333677,7-70 d trajectory; no true day-0 C/N/P qPCR
Functional/pathogen qPCR,fungcbl,Tomato-planted,7,TCP,TCK,578.2666666666668,1151.1000000000001,-0.9932063231820024,0.01977025480124537,0.01977025480124537,7-70 d trajectory; no true day-0 C/N/P qPCR
Functional/pathogen qPCR,fungcbl,Tomato-planted,14,TCP,TCK,448.0333333333333,1137.3333333333333,-1.3439771691517426,0.0006244763418924772,0.002398531436150218,7-70 d trajectory; no true day-0 C/N/P qPCR
Functional/pathogen qPCR,fungcbl,Tomato-planted,28,TCP,TCK,427.76666666666665,1131.3,-1.4030855850332742,0.006051596753409122,0.007261916104090946,7-70 d trajectory; no true day-0 C/N/P qPCR
Functional/pathogen qPCR,fungcbl,Tomato-planted,42,TCP,TCK,607.5500000000001,1425.8333333333333,-1.230730304716058,0.004266867292268814,0.006400300938403221,7-70 d trajectory; no true day-0 C/N/P qPCR
Functional/pathogen qPCR,fungcbl,Tomato-planted,56,TCP,TCK,512.1833333333334,1342.8333333333333,-1.3905480419139018,0.0012719251329584363,0.0025438502659168726,7-70 d trajectory; no true day-0 C/N/P qPCR
Functional/pathogen qPCR,fungcbl,Tomato-planted,70,TCP,TCK,554.1166666666667,1541.1666666666667,-1.475761221874724,0.0007995104787167394,0.002398531436150218,7-70 d trajectory; no true day-0 C/N/P qPCR
Functional/pathogen qPCR,nifH,Tomato-planted,7,TCP,TCK,2986666.6666666665,4170000.0,-0.4815111521082159,0.0028347486196167245,0.006524292601185389,7-70 d trajectory; no true day-0 C/N/P qPCR
Functional/pathogen qPCR,nifH,Tomato-planted,14,TCP,TCK,3120000.0,4100000.0,-0.39407788064319765,0.013216986751983394,0.013216986751983394,7-70 d trajectory; no true day-0 C/N/P qPCR
Functional/pathogen qPCR,nifH,Tomato-planted,28,TCP,TCK,3370000.0,4120000.0,-0.28989574600136,0.00971204767604297,0.011654457211251563,7-70 d trajectory; no true day-0 C/N/P qPCR
Functional/pathogen qPCR,nifH,Tomato-planted,42,TCP,TCK,3520000.0,4533333.333333333,-0.3649968167792483,0.002691026861409532,0.006524292601185389,7-70 d trajectory; no true day-0 C/N/P qPCR
Functional/pathogen qPCR,nifH,Tomato-planted,56,TCP,TCK,3440000.0,4553333.333333333,-0.4045145128668363,0.003781033662813434,0.006524292601185389,7-70 d trajectory; no true day-0 C/N/P qPCR
Functional/pathogen qPCR,nifH,Tomato-planted,70,TCP,TCK,3690000.0,4226666.666666667,-0.19589952335785518,0.0043495284007902596,0.006524292601185389,7-70 d trajectory; no true day-0 C/N/P qPCR
Functional/pathogen qPCR,AOB,Tomato-planted,7,TCP,TCK,401666.6666666667,665333.3333333334,-0.7280785742199366,0.002909136009637489,0.017454816057824934,7-70 d trajectory; no true day-0 C/N/P qPCR
Functional/pathogen qPCR,AOB,Tomato-planted,14,TCP,TCK,538666.6666666666,633333.3333333334,-0.23357222046651563,0.04667534291541322,0.12682523791319147,7-70 d trajectory; no true day-0 C/N/P qPCR
Functional/pathogen qPCR,AOB,Tomato-planted,28,TCP,TCK,584000.0,578666.6666666666,0.013235827156694038,0.7494968353292467,0.7494968353292467,7-70 d trajectory; no true day-0 C/N/P qPCR
Functional/pathogen qPCR,AOB,Tomato-planted,42,TCP,TCK,582666.6666666666,654666.6666666666,-0.16808974481409464,0.06341261895659574,0.12682523791319147,7-70 d trajectory; no true day-0 C/N/P qPCR
Functional/pathogen qPCR,AOB,Tomato-planted,56,TCP,TCK,650666.6666666666,644000.0,0.014857958727113091,0.6829857220608803,0.7494968353292467,7-70 d trajectory; no true day-0 C/N/P qPCR
Functional/pathogen qPCR,AOB,Tomato-planted,70,TCP,TCK,636000.0,630666.6666666666,0.012149082666116483,0.7346099998746526,0.7494968353292467,7-70 d trajectory; no true day-0 C/N/P qPCR
Functional/pathogen qPCR,AOA,Tomato-planted,7,TCP,TCK,300666.6666666667,801333.3333333334,-1.4142375574558046,7.617241634583608e-05,0.00022851724903750825,7-70 d trajectory; no true day-0 C/N/P qPCR
Functional/pathogen qPCR,AOA,Tomato-planted,14,TCP,TCK,280333.3333333333,713333.3333333334,-1.3474330910333652,0.0001543843335527939,0.0003087686671055878,7-70 d trajectory; no true day-0 C/N/P qPCR
Functional/pathogen qPCR,AOA,Tomato-planted,28,TCP,TCK,292333.3333333333,712000.0,-1.2842628992428209,0.00027830029675372434,0.0004174504451305865,7-70 d trajectory; no true day-0 C/N/P qPCR
Functional/pathogen qPCR,AOA,Tomato-planted,42,TCP,TCK,358666.6666666667,958666.6666666666,-1.4183855978826736,0.0020485030570014566,0.0020485030570014566,7-70 d trajectory; no true day-0 C/N/P qPCR
Functional/pathogen qPCR,AOA,Tomato-planted,56,TCP,TCK,351333.3333333333,818666.6666666666,-1.2204356937329648,0.0004884285929061379,0.0005861143114873655,7-70 d trajectory; no true day-0 C/N/P qPCR
Functional/pathogen qPCR,AOA,Tomato-planted,70,TCP,TCK,404333.3333333333,877333.3333333334,-1.1175799386147314,3.179304047902483e-05,0.00019075824287414898,7-70 d trajectory; no true day-0 C/N/P qPCR
Functional/pathogen qPCR,nirS,Tomato-planted,7,TCP,TCK,22166666.666666668,31200000.0,-0.4931541891948525,0.014292500021166346,0.028585000042332692,7-70 d trajectory; no true day-0 C/N/P qPCR
Functional/pathogen qPCR,nirS,Tomato-planted,14,TCP,TCK,27266666.666666668,33600000.0,-0.30132289055816763,0.0006948023054071347,0.004168813832442808,7-70 d trajectory; no true day-0 C/N/P qPCR
Functional/pathogen qPCR,nirS,Tomato-planted,28,TCP,TCK,26700000.0,32766666.666666668,-0.29538917393187053,0.02095397770875729,0.03143096656313594,7-70 d trajectory; no true day-0 C/N/P qPCR
Functional/pathogen qPCR,nirS,Tomato-planted,42,TCP,TCK,23033333.333333332,29933333.333333332,-0.37802973435288845,0.014065325513231381,0.028585000042332692,7-70 d trajectory; no true day-0 C/N/P qPCR
Functional/pathogen qPCR,nirS,Tomato-planted,56,TCP,TCK,26166666.666666668,26600000.0,-0.023696092443356385,0.6799106065207821,0.6799106065207821,7-70 d trajectory; no true day-0 C/N/P qPCR
Functional/pathogen qPCR,nirS,Tomato-planted,70,TCP,TCK,25100000.0,25733333.333333332,-0.03595098259615221,0.4789839254872437,0.5747807105846925,7-70 d trajectory; no true day-0 C/N/P qPCR
Functional/pathogen qPCR,nirK,Tomato-planted,7,TCP,TCK,26733333.333333332,39066666.666666664,-0.5472984279673276,0.0027507407594019504,0.004126111139102925,7-70 d trajectory; no true day-0 C/N/P qPCR
Functional/pathogen qPCR,nirK,Tomato-planted,14,TCP,TCK,29866666.666666668,37900000.0,-0.34366161683464375,0.007986408782700183,0.009583690539240219,7-70 d trajectory; no true day-0 C/N/P qPCR
Functional/pathogen qPCR,nirK,Tomato-planted,28,TCP,TCK,29400000.0,42166666.666666664,-0.5202868240241517,0.00024242584554700562,0.0014545550732820338,7-70 d trajectory; no true day-0 C/N/P qPCR
Functional/pathogen qPCR,nirK,Tomato-planted,42,TCP,TCK,28533333.333333332,43000000.0,-0.5916883639094697,0.002313604934344727,0.004126111139102925,7-70 d trajectory; no true day-0 C/N/P qPCR
Functional/pathogen qPCR,nirK,Tomato-planted,56,TCP,TCK,33166666.666666668,43233333.333333336,-0.3824100488206883,0.0012058827373563079,0.0036176482120689234,7-70 d trajectory; no true day-0 C/N/P qPCR
Functional/pathogen qPCR,nirK,Tomato-planted,70,TCP,TCK,34500000.0,36900000.0,-0.09702445439486469,0.12521023602989104,0.12521023602989104,7-70 d trajectory; no true day-0 C/N/P qPCR
Functional/pathogen qPCR,nosZ,Tomato-planted,7,TCP,TCK,8346666.666666667,10400000.0,-0.3173114668169923,0.00016710399225000023,0.0010026239535000014,7-70 d trajectory; no true day-0 C/N/P qPCR
Functional/pathogen qPCR,nosZ,Tomato-planted,14,TCP,TCK,9160000.0,10200000.0,-0.15514964876191395,0.014272413623109534,0.0214086204346643,7-70 d trajectory; no true day-0 C/N/P qPCR
Functional/pathogen qPCR,nosZ,Tomato-planted,28,TCP,TCK,9026666.666666666,9200000.0,-0.027440528090534707,0.332856737162591,0.3994280845951092,7-70 d trajectory; no true day-0 C/N/P qPCR
Functional/pathogen qPCR,nosZ,Tomato-planted,42,TCP,TCK,8573333.333333334,8680000.0,-0.017838805837688047,0.6612180569183422,0.6612180569183422,7-70 d trajectory; no true day-0 C/N/P qPCR
Functional/pathogen qPCR,nosZ,Tomato-planted,56,TCP,TCK,9253333.333333334,7946666.666666667,0.21962333211609938,0.0029251590367012806,0.008775477110103841,7-70 d trajectory; no true day-0 C/N/P qPCR
Functional/pathogen qPCR,nosZ,Tomato-planted,70,TCP,TCK,9640000.0,8360000.0,0.20553020414907877,0.006986440976070224,0.013972881952140448,7-70 d trajectory; no true day-0 C/N/P qPCR
Functional/pathogen qPCR,pomA,Tomato-planted,7,TCP,TCK,2563333.3333333335,3320000.0,-0.3731621441062543,0.012122214366914744,0.035582096961737336,7-70 d trajectory; no true day-0 C/N/P qPCR
Functional/pathogen qPCR,pomA,Tomato-planted,14,TCP,TCK,2933333.3333333335,3540000.0,-0.27120833727949384,0.017791048480868668,0.035582096961737336,7-70 d trajectory; no true day-0 C/N/P qPCR
Functional/pathogen qPCR,pomA,Tomato-planted,28,TCP,TCK,3076666.6666666665,3730000.0,-0.27780748333061983,0.006217245287924794,0.035582096961737336,7-70 d trajectory; no true day-0 C/N/P qPCR
Functional/pathogen qPCR,pomA,Tomato-planted,42,TCP,TCK,3326666.6666666665,3893333.3333333335,-0.22692855354275684,0.08817929858663001,0.13226894787994503,7-70 d trajectory; no true day-0 C/N/P qPCR
Functional/pathogen qPCR,pomA,Tomato-planted,56,TCP,TCK,3403333.3333333335,3590000.0,-0.07703538366640597,0.17318604898357243,0.20782325878028693,7-70 d trajectory; no true day-0 C/N/P qPCR
Functional/pathogen qPCR,pomA,Tomato-planted,70,TCP,TCK,3490000.0,3526666.6666666665,-0.015078185183217315,0.7993638455154428,0.7993638455154427,7-70 d trajectory; no true day-0 C/N/P qPCR
Functional/pathogen qPCR,phoD,Tomato-planted,7,TCP,TCK,28100000.0,38300000.0,-0.446774261704031,0.001826713301862137,0.005480139905586412,7-70 d trajectory; no true day-0 C/N/P qPCR
Functional/pathogen qPCR,phoD,Tomato-planted,14,TCP,TCK,27933333.333333332,41566666.666666664,-0.5734393161303184,0.0012877006408131288,0.005480139905586412,7-70 d trajectory; no true day-0 C/N/P qPCR
Functional/pathogen qPCR,phoD,Tomato-planted,28,TCP,TCK,29400000.0,41533333.333333336,-0.49845350746648137,0.014193350461265465,0.01703202055351856,7-70 d trajectory; no true day-0 C/N/P qPCR
Functional/pathogen qPCR,phoD,Tomato-planted,42,TCP,TCK,34533333.333333336,49066666.666666664,-0.5067536683704589,0.003548137764481087,0.007096275528962174,7-70 d trajectory; no true day-0 C/N/P qPCR
Functional/pathogen qPCR,phoD,Tomato-planted,56,TCP,TCK,38300000.0,49200000.0,-0.3613139234142828,0.008338297480353507,0.01250744622053026,7-70 d trajectory; no true day-0 C/N/P qPCR
Functional/pathogen qPCR,phoD,Tomato-planted,70,TCP,TCK,41300000.0,48133333.333333336,-0.2208945547465695,0.02370427275265552,0.02370427275265552,7-70 d trajectory; no true day-0 C/N/P qPCR
Soil/process,CO2,Unplanted,7,CP,CK,213.15537500000002,183.94922499999998,0.2125978371823668,0.15047283506886744,0.16415218371149176,log10 Welch; no true day 0
Soil/process,CO2,Unplanted,14,CP,CK,195.41862500000002,165.356725,0.24098625392250184,0.0020426116576494646,0.006127834972948394,log10 Welch; no true day 0
Soil/process,CO2,Unplanted,28,CP,CK,172.91165,132.13925,0.387976013122157,0.012604611942161198,0.015125534330593438,log10 Welch; no true day 0
Soil/process,CO2,Unplanted,42,CP,CK,187.25,155.98082499999998,0.2635970317613226,0.004755658605294401,0.008977557802701847,log10 Welch; no true day 0
Soil/process,CO2,Unplanted,56,CP,CK,155.482875,143.177925,0.11894661283223558,0.576787342607978,0.576787342607978,log10 Welch; no true day 0
Soil/process,CO2,Unplanted,70,CP,CK,154.57155,131.73717499999998,0.2306122872405686,0.00844449826870944,0.011466285369312637,log10 Welch; no true day 0
Soil/process,CO2,Tomato-planted,7,TCP,TCK,242.399725,187.6151,0.36961211580063225,0.008599714026984479,0.011466285369312637,log10 Welch; no true day 0
Soil/process,CO2,Tomato-planted,14,TCP,TCK,235.230125,178.48832499999997,0.3982431222824241,0.005236908718242744,0.008977557802701847,log10 Welch; no true day 0
Soil/process,CO2,Tomato-planted,28,TCP,TCK,266.02537499999994,203.3466,0.3876229958538378,2.6879661648805197e-05,0.00016127796989283118,log10 Welch; no true day 0
Soil/process,CO2,Tomato-planted,42,TCP,TCK,269.399225,211.13259999999997,0.3515963448055492,0.003168114777869445,0.007603475466886668,log10 Welch; no true day 0
Soil/process,CO2,Tomato-planted,56,TCP,TCK,273.7332,165.30689999999998,0.7276234792364238,0.0004794205646660563,0.0019176822586642252,log10 Welch; no true day 0
Soil/process,CO2,Tomato-planted,70,TCP,TCK,267.818125,133.593975,1.003398655867029,2.2489128269932156e-05,0.00016127796989283118,log10 Welch; no true day 0
Soil/process,N2O,Unplanted,7,CP,CK,215.71207499999997,30.6066325,2.8171907111293213,0.0002164947041906835,0.0002361760409352911,log10 Welch; no true day 0
Soil/process,N2O,Unplanted,14,CP,CK,245.39094999999998,33.64241,2.8667290805159373,0.0001468435838716745,0.00022026537580751174,log10 Welch; no true day 0
Soil/process,N2O,Unplanted,28,CP,CK,160.75355000000002,25.231809999999996,2.6715349910064647,3.497253502590782e-08,4.1967042031089385e-07,log10 Welch; no true day 0
Soil/process,N2O,Unplanted,42,CP,CK,104.56022999999999,27.5708525,1.9231184379654416,9.31605095687554e-05,0.0001863210191375108,log10 Welch; no true day 0
Soil/process,N2O,Unplanted,56,CP,CK,75.7863425,32.8461425,1.2062139346867884,3.982702124153193e-05,9.558485097967663e-05,log10 Welch; no true day 0
Soil/process,N2O,Unplanted,70,CP,CK,116.802875,30.108965,1.9558107641458833,0.0015123721179997644,0.0015123721179997644,log10 Welch; no true day 0
Soil/process,N2O,Tomato-planted,7,TCP,TCK,155.39685,33.04521,2.233444190502957,8.394444068297731e-06,2.518333220489319e-05,log10 Welch; no true day 0
Soil/process,N2O,Tomato-planted,14,TCP,TCK,295.4682,34.14008,3.1134645234261584,2.2575121099612688e-07,1.3545072659767612e-06,log10 Welch; no true day 0
Soil/process,N2O,Tomato-planted,28,TCP,TCK,173.08757500000002,25.53041,2.761213553634057,0.0002053279423678682,0.0002361760409352911,log10 Welch; no true day 0
Soil/process,N2O,Tomato-planted,42,TCP,TCK,271.776925,28.765257499999997,3.240023680381101,1.0642824542201778e-06,4.257129816880711e-06,log10 Welch; no true day 0
Soil/process,N2O,Tomato-planted,56,TCP,TCK,171.08645,27.122950000000003,2.6571394979237493,0.000132063790519243,0.00022026537580751174,log10 Welch; no true day 0
Soil/process,N2O,Tomato-planted,70,TCP,TCK,323.335425,27.073185000000002,3.578095052263015,0.0002074387740857191,0.0002361760409352911,log10 Welch; no true day 0
Soil/process,MBN,Unplanted,7,CP,CK,49.0307345,155.862875,-1.6685190541744501,0.07833097290533783,0.1044412972071171,log10 Welch; no true day 0
Soil/process,MBN,Unplanted,14,CP,CK,42.4113475,169.12527500000002,-1.9955700537366847,0.0008464987777480764,0.005078992666488459,log10 Welch; no true day 0
Soil/process,MBN,Unplanted,28,CP,CK,59.763605,186.14655000000002,-1.6390997971764594,0.016461794313322543,0.028220218822838646,log10 Welch; no true day 0
Soil/process,MBN,Unplanted,42,CP,CK,151.89124999999999,266.05202499999996,-0.8086696214444902,0.003509866068713083,0.01052959820613925,log10 Welch; no true day 0
Soil/process,MBN,Unplanted,56,CP,CK,127.2813375,250.02362499999998,-0.9740435221125426,0.021318638205471616,0.031977957308207426,log10 Welch; no true day 0
Soil/process,MBN,Unplanted,70,CP,CK,151.37114999999997,230.07092500000002,-0.6039884092008903,0.005085200329101885,0.012204480789844523,log10 Welch; no true day 0
Soil/process,MBN,Tomato-planted,7,TCP,TCK,90.212775,177.16312499999998,-0.9736746978100994,0.0061331509620213605,0.01226630192404272,log10 Welch; no true day 0
Soil/process,MBN,Tomato-planted,14,TCP,TCK,80.94563000000001,189.172575,-1.2246778501910112,0.003496566192997746,0.01052959820613925,log10 Welch; no true day 0
Soil/process,MBN,Tomato-planted,28,TCP,TCK,87.06856749999999,231.77305,-1.412488930430956,0.00032765226916799486,0.003931827230015938,log10 Welch; no true day 0
Soil/process,MBN,Tomato-planted,42,TCP,TCK,238.865225,264.20805,-0.14547758838839941,0.38244863802363777,0.4589383656283653,log10 Welch; no true day 0
Soil/process,MBN,Tomato-planted,56,TCP,TCK,235.886525,246.737575,-0.06488442942102154,0.5944982734819683,0.5944982734819683,log10 Welch; no true day 0
Soil/process,MBN,Tomato-planted,70,TCP,TCK,222.0331,235.86290000000002,-0.08717374297000367,0.5267260789271934,0.5746102679205746,log10 Welch; no true day 0
Soil/process,MBP,Unplanted,7,CP,CK,25.6361625,82.593005,-1.6878392816970411,0.00286067304808143,0.006865615315395432,log10 Welch; no true day 0
Soil/process,MBP,Unplanted,14,CP,CK,19.24107,69.04203999999999,-1.8432860628499568,0.002565228945844273,0.006865615315395432,log10 Welch; no true day 0
Soil/process,MBP,Unplanted,28,CP,CK,24.784225,84.94494,-1.7771058649162284,0.00461389542596577,0.00922779085193154,log10 Welch; no true day 0
Soil/process,MBP,Unplanted,42,CP,CK,24.1815475,74.0327375,-1.6142568030181348,9.702695871023125e-06,0.0001164323504522775,log10 Welch; no true day 0
Soil/process,MBP,Unplanted,56,CP,CK,35.7328875,70.684525,-0.9841418998184042,0.025619836435538425,0.03415978191405124,log10 Welch; no true day 0
Soil/process,MBP,Unplanted,70,CP,CK,30.319940000000003,75.520835,-1.3166078174511635,2.6684351569073198e-05,0.00016010610941443918,log10 Welch; no true day 0
Soil/process,MBP,Tomato-planted,7,TCP,TCK,49.207589999999996,80.625,-0.7123463949232912,0.030532606060195918,0.0366391272722351,log10 Welch; no true day 0
Soil/process,MBP,Tomato-planted,14,TCP,TCK,41.36532750000001,85.56547499999999,-1.048606793480534,0.024027028189294395,0.03415978191405124,log10 Welch; no true day 0
Soil/process,MBP,Tomato-planted,28,TCP,TCK,40.0260425,92.12834749999999,-1.2027061567364734,0.00027999223892587866,0.0011199689557035146,log10 Welch; no true day 0
Soil/process,MBP,Tomato-planted,42,TCP,TCK,47.563244999999995,84.0773825,-0.8218706097289503,0.006725934210548313,0.011530172932368537,log10 Welch; no true day 0
Soil/process,MBP,Tomato-planted,56,TCP,TCK,65.29017999999999,71.1272275,-0.12353591031488358,0.7176237278552984,0.7176237278552984,log10 Welch; no true day 0
Soil/process,MBP,Tomato-planted,70,TCP,TCK,78.22172749999999,81.8452375,-0.06532907218087697,0.687559641264225,0.7176237278552984,log10 Welch; no true day 0
Soil/process,MBC-2,Unplanted,7,CP,CK,48.4858957525,57.44118299,-0.24452032423668876,0.07519326606703625,0.0902319192804435,log10 Welch; no true day 0
Soil/process,MBC-2,Unplanted,14,CP,CK,36.076398777499996,45.21340931499999,-0.32569537520275454,0.0008106938618743743,0.004070635108902881,log10 Welch; no true day 0
Soil/process,MBC-2,Unplanted,28,CP,CK,24.9990844875,35.693788125,-0.5137977587375869,0.002096990054172157,0.0062909701625164715,log10 Welch; no true day 0
Soil/process,MBC-2,Unplanted,42,CP,CK,34.27,37.787499999999994,-0.1409628819958948,0.009969640128711618,0.017090811649219915,log10 Welch; no true day 0
Soil/process,MBC-2,Unplanted,56,CP,CK,32.21249999999999,38.37,-0.2523581328558114,0.004710472274214023,0.011305133458113657,log10 Welch; no true day 0
Soil/process,MBC-2,Unplanted,70,CP,CK,31.32758819,36.946740507499996,-0.2380133878904806,1.8481194104373506e-05,0.00022177432925248207,log10 Welch; no true day 0
Soil/process,MBC-2,Tomato-planted,7,TCP,TCK,45.5469296925,62.182333845,-0.4491509597531058,0.005944953416093072,0.011889906832186143,log10 Welch; no true day 0
Soil/process,MBC-2,Tomato-planted,14,TCP,TCK,42.21028184,49.112269372499995,-0.21848902564400924,0.06108847670502653,0.0814513022733687,log10 Welch; no true day 0
Soil/process,MBC-2,Tomato-planted,28,TCP,TCK,42.164459304999994,48.958160935,-0.21552191144247732,0.11441639168916655,0.12481788184272714,log10 Welch; no true day 0
Soil/process,MBC-2,Tomato-planted,42,TCP,TCK,49.8475,47.25249999999999,0.07713049061637152,0.037611470411835844,0.05641720561775376,log10 Welch; no true day 0
Soil/process,MBC-2,Tomato-planted,56,TCP,TCK,46.14750000000001,45.6025,0.017139575915303344,0.7388154204442426,0.7388154204442426,log10 Welch; no true day 0
Soil/process,MBC-2,Tomato-planted,70,TCP,TCK,48.006491247499994,38.650232637500004,0.31275239670675625,0.0010176587772257203,0.004070635108902881,log10 Welch; no true day 0
Soil/process,速效钾,Unplanted,7,CP,CK,271.25,256.25,0.08207113293903334,0.09290677172952257,0.15926875153632442,log10 Welch; no true day 0
Soil/process,速效钾,Unplanted,14,CP,CK,249.875,242.5,0.043221819670137426,0.017491669777455105,0.041980007465892255,log10 Welch; no true day 0
Soil/process,速效钾,Unplanted,28,CP,CK,255.625,255.0,0.00353169097025322,0.8714737730642457,0.9964665613324996,log10 Welch; no true day 0
Soil/process,速效钾,Unplanted,42,CP,CK,246.875,247.5,-0.00364777701514429,0.9211833542476,0.9964665613324996,log10 Welch; no true day 0
Soil/process,速效钾,Unplanted,56,CP,CK,260.0,265.625,-0.030879312883971867,0.3125554616266995,0.41674061550226604,log10 Welch; no true day 0
Soil/process,速效钾,Unplanted,70,CP,CK,253.75,253.75,0.0,0.9964665613324996,0.9964665613324996,log10 Welch; no true day 0
Soil/process,速效钾,Tomato-planted,7,TCP,TCK,270.0,251.875,0.10025147363550105,0.00880231166830935,0.02640693500492805,log10 Welch; no true day 0
Soil/process,速效钾,Tomato-planted,14,TCP,TCK,246.875,243.75,0.01837852931485452,0.302009958608102,0.41674061550226604,log10 Welch; no true day 0
Soil/process,速效钾,Tomato-planted,28,TCP,TCK,224.25,238.125,-0.08661110746142314,0.07845401016707716,0.15690802033415432,log10 Welch; no true day 0
Soil/process,速效钾,Tomato-planted,42,TCP,TCK,174.375,203.125,-0.22017459608662923,6.560172769467046e-05,0.00039361036616802274,log10 Welch; no true day 0
Soil/process,速效钾,Tomato-planted,56,TCP,TCK,162.5,192.5,-0.24441872766644696,0.006734074745145044,0.02640693500492805,log10 Welch; no true day 0
Soil/process,速效钾,Tomato-planted,70,TCP,TCK,160.0,209.375,-0.38801728534513474,8.066976456565587e-08,9.680371747878705e-07,log10 Welch; no true day 0
Soil/process,有效磷,Unplanted,7,CP,CK,318.0,312.0,0.02748073642210692,0.20782129995883605,0.24375881539573052,log10 Welch; no true day 0
Soil/process,有效磷,Unplanted,14,CP,CK,337.5,313.875,0.10469737866669322,0.0008949956611870206,0.0069948022483675805,log10 Welch; no true day 0
Soil/process,有效磷,Unplanted,28,CP,CK,366.25,347.25,0.07685406532821759,0.0017487005620918951,0.0069948022483675805,log10 Welch; no true day 0
Soil/process,有效磷,Unplanted,42,CP,CK,343.375,336.75,0.02810705961355303,0.0399462288491597,0.06847924945570234,log10 Welch; no true day 0
Soil/process,有效磷,Unplanted,56,CP,CK,338.5,328.875,0.041616490409107455,0.01302272777935195,0.036927156363172,log10 Welch; no true day 0
Soil/process,有效磷,Unplanted,70,CP,CK,346.5,337.75,0.03689958281152933,0.019023969743697054,0.03804793948739411,log10 Welch; no true day 0
Soil/process,有效磷,Tomato-planted,7,TCP,TCK,330.625,303.125,0.1252829750395356,0.001273328667806412,0.0069948022483675805,log10 Welch; no true day 0
Soil/process,有效磷,Tomato-planted,14,TCP,TCK,336.0,330.0,0.025995208532944354,0.057968779758274455,0.08695316963741168,log10 Welch; no true day 0
Soil/process,有效磷,Tomato-planted,28,TCP,TCK,318.5,324.0,-0.0247004406283243,0.2131576529093525,0.24375881539573052,log10 Welch; no true day 0
Soil/process,有效磷,Tomato-planted,42,TCP,TCK,330.625,342.75,-0.05196084877783771,0.015386315151321668,0.036927156363172,log10 Welch; no true day 0
Soil/process,有效磷,Tomato-planted,56,TCP,TCK,329.25,324.25,0.022076866004814975,0.22344558077941962,0.24375881539573052,log10 Welch; no true day 0
Soil/process,有效磷,Tomato-planted,70,TCP,TCK,334.25,335.875,-0.006996855919813331,0.4676776260417375,0.4676776260417375,log10 Welch; no true day 0
Soil/process,硝态氮,Unplanted,7,CP,CK,66.26249999999999,62.2,0.09127805514217008,0.14625771396667064,0.17550925676000478,log10 Welch; no true day 0
Soil/process,硝态氮,Unplanted,14,CP,CK,77.6875,68.7875,0.17553606261048663,0.02236163474322366,0.03354245211483549,log10 Welch; no true day 0
Soil/process,硝态氮,Unplanted,28,CP,CK,110.5,93.875,0.23523346187715985,0.0004724696824312099,0.0018898787297248396,log10 Welch; no true day 0
Soil/process,硝态氮,Unplanted,42,CP,CK,103.06250000000001,85.275,0.2733247387114256,0.000716581491439699,0.0021497444743190973,log10 Welch; no true day 0
Soil/process,硝态氮,Unplanted,56,CP,CK,120.36250000000001,105.0625,0.19613815825917572,0.009384555921776998,0.02126505668228437,log10 Welch; no true day 0
Soil/process,硝态氮,Unplanted,70,CP,CK,113.67499999999998,97.41250000000001,0.2227361877410719,0.00024253424877715754,0.0014552054926629454,log10 Welch; no true day 0
Soil/process,硝态氮,Tomato-planted,7,TCP,TCK,67.6875,67.1,0.012576666295506002,0.7590894436636886,0.7590894436636887,log10 Welch; no true day 0
Soil/process,硝态氮,Tomato-planted,14,TCP,TCK,67.65,66.125,0.03289411697514929,0.6443946333703604,0.7029759636767569,log10 Welch; no true day 0
Soil/process,硝态氮,Tomato-planted,28,TCP,TCK,72.25,80.975,-0.16447897540714526,0.021789113226465116,0.03354245211483549,log10 Welch; no true day 0
Soil/process,硝态氮,Tomato-planted,42,TCP,TCK,67.05,77.63749999999999,-0.2115163305422323,0.010632528341142184,0.02126505668228437,log10 Welch; no true day 0
Soil/process,硝态氮,Tomato-planted,56,TCP,TCK,74.1375,81.8,-0.14189737649138456,0.03882788409607832,0.05177051212810443,log10 Welch; no true day 0
Soil/process,硝态氮,Tomato-planted,70,TCP,TCK,67.5,86.95,-0.3652985253683939,0.00016970181469283223,0.0014552054926629454,log10 Welch; no true day 0
Soil/process,铵态氮,Unplanted,7,CP,CK,24.7125,5.4125,2.1908739410024833,9.356439360009505e-07,3.742575744003802e-06,log10 Welch; no true day 0
Soil/process,铵态氮,Unplanted,14,CP,CK,10.799999999999999,1.85,2.5454341365345186,3.3598002943811807e-07,3.429689078109965e-06,log10 Welch; no true day 0
Soil/process,铵态氮,Unplanted,28,CP,CK,12.325,4.8375,1.3492540802335011,5.340337719483255e-05,9.154864661971295e-05,log10 Welch; no true day 0
Soil/process,铵态氮,Unplanted,42,CP,CK,5.4624999999999995,3.5625,0.6166713604484942,0.003513607975177615,0.003833026882011944,log10 Welch; no true day 0
Soil/process,铵态氮,Unplanted,56,CP,CK,7.5875,6.125,0.3089147672531115,0.02044228909380877,0.02044228909380877,log10 Welch; no true day 0
Soil/process,铵态氮,Unplanted,70,CP,CK,7.925,4.762499999999999,0.7346918426460854,5.716148463516609e-07,3.429689078109965e-06,log10 Welch; no true day 0
Soil/process,铵态氮,Tomato-planted,7,TCP,TCK,25.575,6.487500000000001,1.9789997013874476,0.0003089781546400587,0.00040537089362446447,log10 Welch; no true day 0
Soil/process,铵态氮,Tomato-planted,14,TCP,TCK,17.075,2.0250000000000004,3.075891765405465,8.253814768221106e-06,1.9809155443730654e-05,log10 Welch; no true day 0
Soil/process,铵态氮,Tomato-planted,28,TCP,TCK,12.575000000000001,2.625,2.2601690721394045,1.3197117375718588e-06,3.959135212715576e-06,log10 Welch; no true day 0
Soil/process,铵态氮,Tomato-planted,42,TCP,TCK,10.6375,3.1624999999999996,1.7500217469916526,0.000198291165144507,0.0002974367477167605,log10 Welch; no true day 0
Soil/process,铵态氮,Tomato-planted,56,TCP,TCK,9.4375,3.725,1.3411643137502798,0.0003378090780203871,0.00040537089362446447,log10 Welch; no true day 0
Soil/process,铵态氮,Tomato-planted,70,TCP,TCK,11.35,3.0375,1.901735983685134,3.566631278813736e-05,7.133262557627472e-05,log10 Welch; no true day 0
Soil/process,扩化速率,Unplanted,7,CP,CK,0.3079465,-0.0158025,nan,5.7559891912369064e-05,0.0006907187029484287,raw Welch; no true day 0
Soil/process,扩化速率,Unplanted,14,CP,CK,0.82946425,0.3207145,1.3708902204722153,0.0009556349584599788,0.005733809750759873,log10 Welch; no true day 0
Soil/process,扩化速率,Unplanted,28,CP,CK,0.50516125,0.21814525,1.2114549167411224,0.014809142470209237,0.026859490566111983,log10 Welch; no true day 0
Soil/process,扩化速率,Unplanted,42,CP,CK,0.42098199999999997,0.19160725,1.1356063985122784,0.007971312076354348,0.026859490566111983,log10 Welch; no true day 0
Soil/process,扩化速率,Unplanted,56,CP,CK,0.7330355,0.6513395,0.1704733474862464,0.40976753342412525,0.44701912737177296,log10 Welch; no true day 0
Soil/process,扩化速率,Unplanted,70,CP,CK,0.77499975,0.6995534999999999,0.1477614498940605,0.17206520082451612,0.22942026776602148,log10 Welch; no true day 0
Soil/process,扩化速率,Tomato-planted,7,TCP,TCK,0.20375000000000001,0.012500250000000001,4.026771205731433,0.0511201880192174,0.0766802820288261,raw Welch; no true day 0
Soil/process,扩化速率,Tomato-planted,14,TCP,TCK,0.9714284999999999,0.6053569999999999,0.6823216124925209,0.015668036163565324,0.026859490566111983,log10 Welch; no true day 0
Soil/process,扩化速率,Tomato-planted,28,TCP,TCK,0.4485485,0.26451600000000003,0.7619089967329555,0.014118611761452338,0.026859490566111983,log10 Welch; no true day 0
Soil/process,扩化速率,Tomato-planted,42,TCP,TCK,0.575268,0.30089275,0.934984875338216,0.011695742568441971,0.026859490566111983,log10 Welch; no true day 0
Soil/process,扩化速率,Tomato-planted,56,TCP,TCK,0.5562499999999999,0.47008950000000005,0.2427979743596693,0.40213521029984217,0.44701912737177296,log10 Welch; no true day 0
Soil/process,扩化速率,Tomato-planted,70,TCP,TCK,0.40151775,0.39232150000000005,0.03342736660401336,0.7125599772661494,0.7125599772661494,log10 Welch; no true day 0
Soil/process,表观硝化速率,Unplanted,7,CP,CK,0.7275,0.92,-0.338686613148729,2.7007487724291158e-05,0.00010802995089716462,log10 Welch; no true day 0
Soil/process,表观硝化速率,Unplanted,14,CP,CK,0.8775000000000001,0.975,-0.15200309344504978,0.00017570802428254354,0.0004216992582781045,log10 Welch; no true day 0
Soil/process,表观硝化速率,Unplanted,28,CP,CK,0.9149999999999999,0.95,-0.05415577004690539,0.09694073056569782,0.10575352425348852,log10 Welch; no true day 0
Soil/process,表观硝化速率,Unplanted,42,CP,CK,0.9474999999999999,0.96,-0.018908462550064536,0.04729023446324553,0.05674828135589464,log10 Welch; no true day 0
Soil/process,表观硝化速率,Unplanted,56,CP,CK,0.9325,0.95,-0.026823788075709985,0.2420371115691445,0.2420371115691445,log10 Welch; no true day 0
Soil/process,表观硝化速率,Unplanted,70,CP,CK,0.935,0.95,-0.022961148443311086,0.026888309027379625,0.035851078703172834,log10 Welch; no true day 0
Soil/process,表观硝化速率,Tomato-planted,7,TCP,TCK,0.7249999999999999,0.9125,-0.3318435637524454,2.0969044417628947e-05,0.00010802995089716462,log10 Welch; no true day 0
Soil/process,表观硝化速率,Tomato-planted,14,TCP,TCK,0.7975000000000001,0.9624999999999999,-0.27130202181739405,2.7898360341281137e-06,3.347803240953737e-05,log10 Welch; no true day 0
Soil/process,表观硝化速率,Tomato-planted,28,TCP,TCK,0.8674999999999999,0.9650000000000001,-0.15366518468981974,0.009282353865708942,0.013923530798563413,log10 Welch; no true day 0
Soil/process,表观硝化速率,Tomato-planted,42,TCP,TCK,0.8625,0.96,-0.1545099490556246,0.00010870272986921638,0.0003261081896076491,log10 Welch; no true day 0
Soil/process,表观硝化速率,Tomato-planted,56,TCP,TCK,0.885,0.9524999999999999,-0.1060416374103244,0.0017114885652166265,0.0029339803975142165,log10 Welch; no true day 0
Soil/process,表观硝化速率,Tomato-planted,70,TCP,TCK,0.855,0.9575,-0.16334806703905919,0.00022219165994639514,0.0004443833198927903,log10 Welch; no true day 0
Soil/process,pH,Unplanted,7,CP,CK,7.6225000000000005,7.619999999999999,0.000473247516426516,0.9520621170183162,0.9520621170183162,log10 Welch; no true day 0
Soil/process,pH,Unplanted,14,CP,CK,7.5275,7.5175,0.0019178401506747206,0.664018385880615,0.7842562698372503,log10 Welch; no true day 0
Soil/process,pH,Unplanted,28,CP,CK,7.465,7.54,-0.014422263134123058,0.0006903644319002293,0.008284373182802751,log10 Welch; no true day 0
Soil/process,pH,Unplanted,42,CP,CK,7.3999999999999995,7.484999999999999,-0.016477045542104548,0.0359206899589188,0.10776206987675639,log10 Welch; no true day 0
Soil/process,pH,Unplanted,56,CP,CK,7.370000000000001,7.4975,-0.02474499777367032,0.007483922835494487,0.04490353701296692,log10 Welch; no true day 0
Soil/process,pH,Unplanted,70,CP,CK,7.4125000000000005,7.460000000000001,-0.009215430821871906,0.019934055711844804,0.07973622284737922,log10 Welch; no true day 0
Soil/process,pH,Tomato-planted,7,TCP,TCK,7.635,7.6075,0.005205728282255541,0.39158534836950926,0.6712891686334445,log10 Welch; no true day 0
Soil/process,pH,Tomato-planted,14,TCP,TCK,7.657500000000001,7.635,0.0042453048021063,0.2751896821247249,0.5503793642494498,log10 Welch; no true day 0
Soil/process,pH,Tomato-planted,28,TCP,TCK,7.545,7.555,-0.0019108546381457652,0.718901580684146,0.7842562698372503,log10 Welch; no true day 0
Soil/process,pH,Tomato-planted,42,TCP,TCK,7.5200000000000005,7.547499999999999,-0.005266189835987555,0.23750759691470888,0.5503793642494498,log10 Welch; no true day 0
Soil/process,pH,Tomato-planted,56,TCP,TCK,7.5275,7.4925,0.006723624211103152,0.6252966673891283,0.7842562698372503,log10 Welch; no true day 0
Soil/process,pH,Tomato-planted,70,TCP,TCK,7.569999999999999,7.5825,-0.002380292638439282,0.6670728442909679,0.7842562698372503,log10 Welch; no true day 0
Soil/process,EC,Unplanted,7,CP,CK,851.75,743.75,0.19561227901367825,0.0006139132962617872,0.0016162902248882851,log10 Welch; no true day 0
Soil/process,EC,Unplanted,14,CP,CK,982.25,794.5,0.3060430431101677,0.00016433890520078579,0.0016162902248882851,log10 Welch; no true day 0
Soil/process,EC,Unplanted,28,CP,CK,1071.5,955.25,0.16568159231903654,0.0008081451124441426,0.0016162902248882851,log10 Welch; no true day 0
Soil/process,EC,Unplanted,42,CP,CK,1139.75,945.5,0.2695680459150035,0.0006855313055841966,0.0016162902248882851,log10 Welch; no true day 0
Soil/process,EC,Unplanted,56,CP,CK,1453.5,1215.75,0.2576844798975395,0.0010593292656700072,0.0018159930268628695,log10 Welch; no true day 0
Soil/process,EC,Unplanted,70,CP,CK,1430.5,1289.25,0.14998745212396572,0.001912600861194799,0.0028689012917921986,log10 Welch; no true day 0
Soil/process,EC,Tomato-planted,7,TCP,TCK,857.5,762.75,0.16892639648151847,0.0004502920557337519,0.0016162902248882851,log10 Welch; no true day 0
Soil/process,EC,Tomato-planted,14,TCP,TCK,918.0,826.5,0.1514793341214942,0.00047328811251910724,0.0016162902248882851,log10 Welch; no true day 0
Soil/process,EC,Tomato-planted,28,TCP,TCK,1006.0,936.0,0.1040498702221225,0.020528502409099703,0.02737133654546627,log10 Welch; no true day 0
Soil/process,EC,Tomato-planted,42,TCP,TCK,992.5,981.75,0.015711409363923182,0.5604881737048553,0.5604881737048553,log10 Welch; no true day 0
Soil/process,EC,Tomato-planted,56,TCP,TCK,1083.75,1147.0,-0.08183339790662765,0.31813337524193686,0.347054591173022,log10 Welch; no true day 0
Soil/process,EC,Tomato-planted,70,TCP,TCK,1106.75,1146.0,-0.050277670659039105,0.024734650624853534,0.029681580749824243,log10 Welch; no true day 0
Soil/process,反硝化速率,Unplanted,7,CP,CK,2.43727625,1.961547,0.31327787699388554,0.0679341213661661,0.08670799591024039,log10 Welch; no true day 0
Soil/process,反硝化速率,Unplanted,14,CP,CK,1.9036144999999998,0.943578,1.0125276618736154,0.0045273441688519185,0.010865626005244605,log10 Welch; no true day 0
Soil/process,反硝化速率,Unplanted,28,CP,CK,1.072276,0.5686614999999999,0.9150342599751756,9.922672767912369e-05,0.0003969069107164948,log10 Welch; no true day 0
Soil/process,反硝化速率,Unplanted,42,CP,CK,0.8971042499999999,0.6094167500000001,0.5578464930108834,0.07225666325853367,0.08670799591024039,log10 Welch; no true day 0
Soil/process,反硝化速率,Unplanted,56,CP,CK,0.17327075,0.18054675,-0.059344318412041644,0.9151871637461269,0.9151871637461269,log10 Welch; no true day 0
Soil/process,反硝化速率,Unplanted,70,CP,CK,0.25988049999999996,0.21512525,0.27267151714680204,0.6545797256320767,0.7140869734168109,log10 Welch; no true day 0
Soil/process,反硝化速率,Tomato-planted,7,TCP,TCK,2.2079115000000002,1.6402605,0.42875738910773814,0.06625366587061095,0.08670799591024039,log10 Welch; no true day 0
Soil/process,反硝化速率,Tomato-planted,14,TCP,TCK,0.74725025,0.37933875,0.9781047220339748,0.0710111202464347,0.08670799591024039,log10 Welch; no true day 0
Soil/process,反硝化速率,Tomato-planted,28,TCP,TCK,1.2244325,0.6875885,0.8324959229253718,0.02660885696569029,0.05321771393138058,log10 Welch; no true day 0
Soil/process,反硝化速率,Tomato-planted,42,TCP,TCK,1.40592225,0.36135425000000004,1.9600310455195886,0.0003172504923514092,0.0009517514770542275,log10 Welch; no true day 0
Soil/process,反硝化速率,Tomato-planted,56,TCP,TCK,1.9163644999999998,0.31505225,2.6047089753382107,2.2970438091631154e-06,1.3782262854978694e-05,log10 Welch; no true day 0
Soil/process,反硝化速率,Tomato-planted,70,TCP,TCK,2.55116675,0.42974500000000004,2.569604440381122,8.034381331805463e-07,9.641257598166556e-06,log10 Welch; no true day 0
Plant growth,株高cm,Tomato-planted,7,TCP,TCK,13.275,11.775,0.17298480119137039,0.07382469793352778,0.14764939586705556,Welch test on biological plant replicates
Plant growth,株高cm,Tomato-planted,14,TCP,TCK,20.0,16.75,0.2558389044295898,0.0028179507070460546,0.016907704242276327,Welch test on biological plant replicates
Plant growth,株高cm,Tomato-planted,28,TCP,TCK,31.5,27.75,0.18286405714981044,0.005951263670450861,0.017853791011352583,Welch test on biological plant replicates
Plant growth,株高cm,Tomato-planted,42,TCP,TCK,39.25,43.75,-0.1565903629407018,0.17383624569385067,0.260754368540776,Welch test on biological plant replicates
Plant growth,株高cm,Tomato-planted,56,TCP,TCK,54.0,52.25,0.04752837008258588,0.38236982840807177,0.4588437940896862,Welch test on biological plant replicates
Plant growth,株高cm,Tomato-planted,70,TCP,TCK,57.5,56.5,0.02531108852918755,0.862943842606351,0.862943842606351,Welch test on biological plant replicates
Plant growth,径粗mm,Tomato-planted,7,TCP,TCK,2.7025,1.9200000000000002,0.493188307013494,0.09724530075980671,0.09724530075980671,Welch test on biological plant replicates
Plant growth,径粗mm,Tomato-planted,14,TCP,TCK,3.8149999999999995,2.7625,0.4657085925557363,0.018441719887984733,0.0499524651811952,Welch test on biological plant replicates
Plant growth,径粗mm,Tomato-planted,28,TCP,TCK,4.62,3.6799999999999997,0.32818708535904484,0.0021084353684139735,0.01265061221048384,Welch test on biological plant replicates
Plant growth,径粗mm,Tomato-planted,42,TCP,TCK,4.995,4.335,0.20445268457058347,0.033301643454130135,0.0499524651811952,Welch test on biological plant replicates
Plant growth,径粗mm,Tomato-planted,56,TCP,TCK,5.944999999999999,4.98,0.25553106767757455,0.05299785612324799,0.0635974273478976,Welch test on biological plant replicates
Plant growth,径粗mm,Tomato-planted,70,TCP,TCK,6.235,5.29,0.23712183771564435,0.028717411779151117,0.0499524651811952,Welch test on biological plant replicates
Plant growth,鲜重g,Tomato-planted,7,TCP,TCK,1.1,0.735,0.5816873686882953,0.008851319014379687,0.008851319014379687,Welch test on biological plant replicates
Plant growth,鲜重g,Tomato-planted,14,TCP,TCK,2.9275,1.7774999999999999,0.7198196108817999,0.007268544816081462,0.008722253779297754,Welch test on biological plant replicates
Plant growth,鲜重g,Tomato-planted,28,TCP,TCK,11.5725,7.25,0.6746476623895944,0.004901119917814548,0.007505554442890297,Welch test on biological plant replicates
Plant growth,鲜重g,Tomato-planted,42,TCP,TCK,19.572499999999998,12.6,0.6354043097841184,5.91699401217029e-05,0.0003550196407302174,Welch test on biological plant replicates
Plant growth,鲜重g,Tomato-planted,56,TCP,TCK,28.185,18.1125,0.6379418776969199,0.00014852967484396066,0.000445589024531882,Welch test on biological plant replicates
Plant growth,鲜重g,Tomato-planted,70,TCP,TCK,28.71,16.794999999999998,0.7735215349726835,0.005003702961926864,0.007505554442890297,Welch test on biological plant replicates
Plant growth,植株干重g,Tomato-planted,7,TCP,TCK,0.0952,0.10230249999999999,-0.10380792248364434,0.1648576154056764,0.1648576154056764,Welch test on biological plant replicates
Plant growth,植株干重g,Tomato-planted,14,TCP,TCK,0.265,0.1875,0.4991017640673183,0.013055057656429545,0.015666069187715452,Welch test on biological plant replicates
Plant growth,植株干重g,Tomato-planted,28,TCP,TCK,1.06,0.5725,0.8887166664662554,0.0012033248923370957,0.0021206193907565177,Welch test on biological plant replicates
Plant growth,植株干重g,Tomato-planted,42,TCP,TCK,2.0925000000000002,1.2750000000000001,0.7147303756914858,5.805062237760231e-05,0.0002643988645978967,Welch test on biological plant replicates
Plant growth,植株干重g,Tomato-planted,56,TCP,TCK,3.15,1.795,0.8113679845642274,8.813295486596557e-05,0.0002643988645978967,Welch test on biological plant replicates
Plant growth,植株干重g,Tomato-planted,70,TCP,TCK,3.4924999999999997,2.275,0.6183935703234044,0.001413746260504345,0.0021206193907565177,Welch test on biological plant replicates
Plant growth,根重g,Tomato-planted,7,TCP,TCK,0.019475000000000003,0.029125,-0.5806347214799733,0.01978725624129281,0.02968088436193922,Welch test on biological plant replicates
Plant growth,根重g,Tomato-planted,14,TCP,TCK,0.36749999999999994,0.36250000000000004,0.01976325482142965,0.9211887850890765,0.9211887850890766,Welch test on biological plant replicates
Plant growth,根重g,Tomato-planted,28,TCP,TCK,0.8200000000000001,0.5525,0.5696494452266522,0.0536728629870304,0.06440743558443648,Welch test on biological plant replicates
Plant growth,根重g,Tomato-planted,42,TCP,TCK,1.8375,1.0875,0.7567288489876361,0.0020286908876580214,0.012172145325948128,Welch test on biological plant replicates
Plant growth,根重g,Tomato-planted,56,TCP,TCK,2.98,1.905,0.6455213329688396,0.016797456195460626,0.02968088436193922,Welch test on biological plant replicates
Plant growth,根重g,Tomato-planted,70,TCP,TCK,12.8525,8.295,0.6317351257944636,0.00590114011491955,0.01770342034475865,Welch test on biological plant replicates
Plant growth,根干重g,Tomato-planted,7,TCP,TCK,0.01975,0.022,-0.15565087046019419,0.08358275176506569,0.12537412764759853,Welch test on biological plant replicates
Plant growth,根干重g,Tomato-planted,14,TCP,TCK,0.036750000000000005,0.03575,0.03980100805797521,0.8119609082662965,0.8119609082662965,Welch test on biological plant replicates
Plant growth,根干重g,Tomato-planted,28,TCP,TCK,0.10999999999999999,0.08,0.45943161863729703,0.11011831731087192,0.1321419807730463,Welch test on biological plant replicates
Plant growth,根干重g,Tomato-planted,42,TCP,TCK,0.25,0.1375,0.8624964762500651,0.0006498046936172301,0.0038988281617033807,Welch test on biological plant replicates
Plant growth,根干重g,Tomato-planted,56,TCP,TCK,0.4225,0.2825,0.5807004738669967,0.012030376537068902,0.03609112961120671,Welch test on biological plant replicates
Plant growth,根干重g,Tomato-planted,70,TCP,TCK,0.4710000000000001,0.335,0.4915659642676486,0.0652688283959749,0.12537412764759853,Welch test on biological plant replicates
Disease index descriptive,Wilt disease index,Tomato-planted,42,TCP,TCK,0,25,,,,Descriptive only; group-derived disease index
Disease index descriptive,Wilt disease index,Tomato-planted,56,TCP,TCK,0,37.5,,,,Descriptive only; group-derived disease index
Disease index descriptive,Wilt disease index,Tomato-planted,70,TCP,TCK,25,87.5,,,,Descriptive only; group-derived disease index
