SampleID,Treatment,Week,Day,Plant height (cm),Root diameter (mm),Fresh weight (g),Plant dry weight (g),Root weight (g),Root dry weight (g),Disease index
Plant_TCP_W1_R1,TCP,1,7,14.1,1.99,1.11,0.095,0.017,0.019,0
Plant_TCP_W1_R2,TCP,1,7,13.5,2.31,1.04,0.0962,0.0185,0.018,0
Plant_TCP_W1_R3,TCP,1,7,12,3.08,1.12,0.0966,0.02,0.022,0
Plant_TCP_W1_R4,TCP,1,7,13.5,3.43,1.13,0.093,0.0224,0.02,0
Plant_TCK_W1_R1,TCK,1,7,12.1,2.3,0.85,0.09121,0.0318,0.0203,0
Plant_TCK_W1_R2,TCK,1,7,13,2.02,0.85,0.109,0.0231,0.023,0
Plant_TCK_W1_R3,TCK,1,7,11.5,1.86,0.64,0.103,0.0276,0.0217,0
Plant_TCK_W1_R4,TCK,1,7,10.5,1.5,0.6,0.106,0.034,0.023,0
Plant_TCP_W2_R1,TCP,2,14,20.8,3.52,3.16,0.3,0.3,0.033,0
Plant_TCP_W2_R2,TCP,2,14,19.6,3.43,2.74,0.27,0.39,0.039,0
Plant_TCP_W2_R3,TCP,2,14,20,3.75,2.51,0.22,0.36,0.034,0
Plant_TCP_W2_R4,TCP,2,14,19.6,4.56,3.3,0.27,0.42,0.041,0
Plant_TCK_W2_R1,TCK,2,14,16.9,2.82,1.74,0.19,0.33,0.03,0
Plant_TCK_W2_R2,TCK,2,14,16.1,3.01,1.85,0.17,0.46,0.044,0
Plant_TCK_W2_R3,TCK,2,14,18.1,2.42,1.72,0.2,0.27,0.03,0
Plant_TCK_W2_R4,TCK,2,14,15.9,2.8,1.8,0.19,0.39,0.039,0
Plant_TCP_W4_R1,TCP,4,28,32,4.69,11.09,1.05,0.8,0.1,0
Plant_TCP_W4_R2,TCP,4,28,30,4.34,9.98,0.89,0.63,0.09,0
Plant_TCP_W4_R3,TCP,4,28,33,4.61,12.47,1.12,1.06,0.15,0
Plant_TCP_W4_R4,TCP,4,28,31,4.84,12.75,1.18,0.79,0.1,0
Plant_TCK_W4_R1,TCK,4,28,28,3.89,6.88,0.47,0.5,0.08,0
Plant_TCK_W4_R2,TCK,4,28,29,3.95,7.16,0.57,0.54,0.07,0
Plant_TCK_W4_R3,TCK,4,28,28,3.43,7.7,0.65,0.6,0.09,0
Plant_TCK_W4_R4,TCK,4,28,26,3.45,7.26,0.6,0.57,0.08,0
Plant_TCP_W6_R1,TCP,6,42,41,4.94,20.45,2.07,2.09,0.22,0
Plant_TCP_W6_R2,TCP,6,42,36,5.18,20.29,2.24,1.75,0.24,0
Plant_TCP_W6_R3,TCP,6,42,41,5.2,18.81,2.01,1.78,0.26,0
Plant_TCP_W6_R4,TCP,6,42,39,4.66,18.74,2.05,1.73,0.28,0
Plant_TCK_W6_R1,TCK,6,42,51,4.4,12.09,1.34,1.13,0.16,25
Plant_TCK_W6_R2,TCK,6,42,43,4.27,12.66,1.1,1.06,0.12,25
Plant_TCK_W6_R3,TCK,6,42,41,3.87,11.64,1.29,1.04,0.14,25
Plant_TCK_W6_R4,TCK,6,42,40,4.8,14.01,1.37,1.12,0.13,25
Plant_TCP_W8_R1,TCP,8,56,51,6.49,28.62,2.94,3.51,0.42,0
Plant_TCP_W8_R2,TCP,8,56,55,5.59,28.52,3.23,2.88,0.47,0
Plant_TCP_W8_R3,TCP,8,56,54,6.5,29.4,3.41,3.18,0.43,0
Plant_TCP_W8_R4,TCP,8,56,56,5.2,26.2,3.02,2.35,0.37,0
Plant_TCK_W8_R1,TCK,8,56,48,4.8,18.23,1.67,1.71,0.27,37.5
Plant_TCK_W8_R2,TCK,8,56,55,4.93,17.93,1.67,1.72,0.29,37.5
Plant_TCK_W8_R3,TCK,8,56,53,4.67,15.98,1.87,1.65,0.21,37.5
Plant_TCK_W8_R4,TCK,8,56,53,5.52,20.31,1.97,2.54,0.36,37.5
Plant_TCP_W10_R1,TCP,10,70,64,6.63,31.2,3.17,14.01,0.59,25
Plant_TCP_W10_R2,TCP,10,70,55,6.67,29.56,3.61,12.9,0.51,25
Plant_TCP_W10_R3,TCP,10,70,53,6.09,23.3,3.61,10.6,0.39,25
Plant_TCP_W10_R4,TCP,10,70,58,5.55,30.78,3.58,13.9,0.394,25
Plant_TCK_W10_R1,TCK,10,70,48,5.51,13.26,2.26,9.6,0.35,87.5
Plant_TCK_W10_R2,TCK,10,70,65,5.07,20.33,2.29,6.99,0.32,87.5
Plant_TCK_W10_R3,TCK,10,70,48,5.51,13.26,2.26,9.6,0.35,87.5
Plant_TCK_W10_R4,TCK,10,70,65,5.07,20.33,2.29,6.99,0.32,87.5
