Source,SampleID,Treatment,Bacterial_richness,Bacterial_Chao1,Bacterial_Shannon,Bacterial_PD,Fungal_richness,Fungal_Chao1,Fungal_Shannon,Fungal_PD,KO_richness,KO_Shannon,COG_richness,COG_Shannon
Amplicon alpha,trim1,CP,7575,11456.54386,7.041140009,189.5047824,481,558.5185185,3.206459642,73.65096804,,,,
Amplicon alpha,trim2,CP,7902,11813.48456,7.186449271,192.0284574,437,496.3035714,3.016712604,62.89735714,,,,
Amplicon alpha,trim3,CP,7758,11554.14937,7.242683211,187.8496924,417,483.0138889,3.007802058,65.68195609,,,,
Amplicon alpha,trim151,CP,7940,11259.07299,6.954631153,189.7055934,405,457.8723404,3.211690743,69.03378206,,,,
Amplicon alpha,trim4,CK,9274,12521.77829,8.13349329,212.7080819,488,596.7391304,3.262617156,67.1560825,,,,
Amplicon alpha,trim5,CK,8484,12216.76932,8.095884838,202.9333651,512,631,3.215028857,71.2624747,,,,
Amplicon alpha,trim6,CK,8256,11840.63393,8.03134279,195.6637914,526,645.8875,3.091191684,72.47038005,,,,
Amplicon alpha,trim152,CK,8936,12557.0302,8.025369632,204.3322476,544,688.3220339,3.089851088,77.94729984,,,,
Amplicon alpha,trim1,TCP,7575,11456.54386,7.041140009,189.5047824,481,558.5185185,3.206459642,73.65096804,,,,
Amplicon alpha,trim2,TCP,7902,11813.48456,7.186449271,192.0284574,437,496.3035714,3.016712604,62.89735714,,,,
Amplicon alpha,trim3,TCP,7758,11554.14937,7.242683211,187.8496924,417,483.0138889,3.007802058,65.68195609,,,,
Amplicon alpha,trim151,TCP,7940,11259.07299,6.954631153,189.7055934,405,457.8723404,3.211690743,69.03378206,,,,
Amplicon alpha,trim4,TCK,9274,12521.77829,8.13349329,212.7080819,488,596.7391304,3.262617156,67.1560825,,,,
Amplicon alpha,trim5,TCK,8484,12216.76932,8.095884838,202.9333651,512,631,3.215028857,71.2624747,,,,
Amplicon alpha,trim6,TCK,8256,11840.63393,8.03134279,195.6637914,526,645.8875,3.091191684,72.47038005,,,,
Amplicon alpha,trim152,TCK,8936,12557.0302,8.025369632,204.3322476,544,688.3220339,3.089851088,77.94729984,,,,
Metagenome alpha,S1,CP,,,,,,,,,7079,7.642109367,32815,8.144537715
Metagenome alpha,S2,CP,,,,,,,,,7004,7.652952271,32322,8.170408596
Metagenome alpha,S3,CP,,,,,,,,,7018,7.649157392,32510,8.166409544
Metagenome alpha,S4,CK,,,,,,,,,6912,7.629666585,32325,8.097535128
Metagenome alpha,S5,CK,,,,,,,,,6913,7.632394252,31979,8.095132344
Metagenome alpha,S152,CK,,,,,,,,,6824,7.63083113,31547,8.076119489
Metagenome alpha,S1,TCP,,,,,,,,,7079,7.642109367,32815,8.144537715
Metagenome alpha,S2,TCP,,,,,,,,,7004,7.652952271,32322,8.170408596
Metagenome alpha,S3,TCP,,,,,,,,,7018,7.649157392,32510,8.166409544
Metagenome alpha,S4,TCK,,,,,,,,,6912,7.629666585,32325,8.097535128
Metagenome alpha,S5,TCK,,,,,,,,,6913,7.632394252,31979,8.095132344
Metagenome alpha,S152,TCK,,,,,,,,,6824,7.63083113,31547,8.076119489
