Profile,SampleID,Treatment,Day,PCoA1,PCoA2,PCoA1_percent,PCoA2_percent
Bacteria,trim1,CP,0,-9.250616439402567,-75.68772328936433,12.683310782496912,4.7115472937807015
Bacteria,trim10,TCK,7,63.253627241335835,-35.81552388147916,12.683310782496912,4.7115472937807015
Bacteria,trim100,TCK,70,68.45625734726467,34.2454760532348,12.683310782496912,4.7115472937807015
Bacteria,trim101,CP,70,-70.32302765569926,90.93303926910332,12.683310782496912,4.7115472937807015
Bacteria,trim102,CK,70,77.0227694197225,54.47187042448914,12.683310782496912,4.7115472937807015
Bacteria,trim11,TCK,7,60.38768957394045,-55.63914546405594,12.683310782496912,4.7115472937807015
Bacteria,trim12,TCK,7,64.05458563245715,-44.56986092176849,12.683310782496912,4.7115472937807015
Bacteria,trim13,CP,7,-59.34596195096949,-64.88327015004502,12.683310782496912,4.7115472937807015
Bacteria,trim14,CP,7,-59.91535484791204,-66.91202736436101,12.683310782496912,4.7115472937807015
Bacteria,trim15,CP,7,-60.256379385578434,-63.41584675187153,12.683310782496912,4.7115472937807015
Bacteria,trim151,CP,0,-9.548253237619802,-72.2766615289262,12.683310782496912,4.7115472937807015
Bacteria,trim152,CK,0,67.57729891929255,-44.80472273761181,12.683310782496912,4.7115472937807015
Bacteria,trim16,CK,7,59.3741065421102,-46.506164621954255,12.683310782496912,4.7115472937807015
Bacteria,trim17,CK,7,61.89944367752885,-49.03547021823732,12.683310782496912,4.7115472937807015
Bacteria,trim18,CK,7,62.74623595943156,-42.08755175185715,12.683310782496912,4.7115472937807015
Bacteria,trim19,TCP,14,-73.13738837415785,-43.52403700576485,12.683310782496912,4.7115472937807015
Bacteria,trim2,CP,0,-5.736794035507302,-77.34105185662841,12.683310782496912,4.7115472937807015
Bacteria,trim20,TCP,14,-76.31977662524942,-39.15745865977412,12.683310782496912,4.7115472937807015
Bacteria,trim21,TCP,14,-77.61531118188725,-53.74478411974173,12.683310782496912,4.7115472937807015
Bacteria,trim22,TCK,14,67.13203096126317,-23.239956585456962,12.683310782496912,4.7115472937807015
Bacteria,trim23,TCK,14,69.68442905376506,-22.789138930029377,12.683310782496912,4.7115472937807015
Bacteria,trim24,TCK,14,71.16606627246635,-17.853621771799272,12.683310782496912,4.7115472937807015
Bacteria,trim25,CP,14,-73.63233806893324,-40.208442838312365,12.683310782496912,4.7115472937807015
Bacteria,trim26,CP,14,-80.56923625459926,-33.898715612261825,12.683310782496912,4.7115472937807015
Bacteria,trim27,CP,14,-76.889640615497,-37.7386615398221,12.683310782496912,4.7115472937807015
Bacteria,trim28,CK,14,67.65120070500637,-24.978123382468944,12.683310782496912,4.7115472937807015
Bacteria,trim29,CK,14,67.02995747606,-22.591879146777302,12.683310782496912,4.7115472937807015
Bacteria,trim3,CP,0,-4.917597765810424,-78.71356344376706,12.683310782496912,4.7115472937807015
Bacteria,trim30,CK,14,61.23350334150163,-30.798849157422126,12.683310782496912,4.7115472937807015
Bacteria,trim31,TCP,28,-86.23053511479402,-23.544063032984734,12.683310782496912,4.7115472937807015
Bacteria,trim32,TCP,28,-85.0838807072539,-18.21573708310662,12.683310782496912,4.7115472937807015
Bacteria,trim33,TCP,28,-80.92538686350534,-16.713331004761944,12.683310782496912,4.7115472937807015
Bacteria,trim34,TCK,28,72.13603000373982,9.19362934827108,12.683310782496912,4.7115472937807015
Bacteria,trim35,TCK,28,70.37631481439882,-12.009046673952804,12.683310782496912,4.7115472937807015
Bacteria,trim36,TCK,28,68.54921102281935,-17.184046367165916,12.683310782496912,4.7115472937807015
Bacteria,trim37,CP,28,-80.18339248031029,19.24227786411307,12.683310782496912,4.7115472937807015
Bacteria,trim38,CP,28,-81.35736767650486,15.696256221591954,12.683310782496912,4.7115472937807015
Bacteria,trim39,CP,28,-78.38897932991601,16.85256744509268,12.683310782496912,4.7115472937807015
Bacteria,trim4,CK,0,65.35600275482673,-57.54624793611145,12.683310782496912,4.7115472937807015
Bacteria,trim40,CK,28,69.53983886551588,-4.580266500568682,12.683310782496912,4.7115472937807015
Bacteria,trim41,CK,28,68.50176171751365,1.7696465918290896,12.683310782496912,4.7115472937807015
Bacteria,trim42,CK,28,73.31127718910848,12.24042630752994,12.683310782496912,4.7115472937807015
Bacteria,trim43,TCP,42,-88.83803561782068,6.287103525413147,12.683310782496912,4.7115472937807015
Bacteria,trim44,TCP,42,-85.05922160936292,3.374741724557278,12.683310782496912,4.7115472937807015
Bacteria,trim45,TCP,42,-85.45854013844682,-7.698555736493917,12.683310782496912,4.7115472937807015
Bacteria,trim46,TCK,42,74.92590200135686,9.996582880021997,12.683310782496912,4.7115472937807015
Bacteria,trim47,TCK,42,74.0960736714892,6.8791124484549115,12.683310782496912,4.7115472937807015
Bacteria,trim48,TCK,42,75.18155839628126,22.45336132460542,12.683310782496912,4.7115472937807015
Bacteria,trim49,CP,42,-74.69244330148639,64.14004869298334,12.683310782496912,4.7115472937807015
Bacteria,trim5,CK,0,58.450941604355236,-64.10381430353546,12.683310782496912,4.7115472937807015
Bacteria,trim50,CP,42,-78.69542722365976,54.655004932293394,12.683310782496912,4.7115472937807015
Bacteria,trim51,CP,42,-77.61201364959898,48.557771291643796,12.683310782496912,4.7115472937807015
Bacteria,trim52,CK,42,86.63910652651943,23.69349224653297,12.683310782496912,4.7115472937807015
Bacteria,trim53,CK,42,84.15435412015756,35.773617640221055,12.683310782496912,4.7115472937807015
Bacteria,trim54,CK,42,84.97401424702635,34.11673636607181,12.683310782496912,4.7115472937807015
Bacteria,trim55,TCP,56,-90.33691535581688,7.099456515503229,12.683310782496912,4.7115472937807015
Bacteria,trim56,TCP,56,-83.35453871624098,33.59329501980876,12.683310782496912,4.7115472937807015
Bacteria,trim57,TCP,56,-94.76962784047396,16.737603720394368,12.683310782496912,4.7115472937807015
Bacteria,trim58,TCK,56,79.41888446420884,34.368482242971666,12.683310782496912,4.7115472937807015
Bacteria,trim59,TCK,56,74.66449580560148,17.285226921866446,12.683310782496912,4.7115472937807015
Bacteria,trim6,CK,0,57.736946443285184,-70.52000160139276,12.683310782496912,4.7115472937807015
Bacteria,trim60,TCK,56,77.72061426328204,30.521506903321324,12.683310782496912,4.7115472937807015
Bacteria,trim61,CP,56,-73.88542985436447,74.93062457559063,12.683310782496912,4.7115472937807015
Bacteria,trim62,CP,56,-73.30920970387757,62.56336320434443,12.683310782496912,4.7115472937807015
Bacteria,trim63,CP,56,-75.16183046434818,60.096634849808105,12.683310782496912,4.7115472937807015
Bacteria,trim64,CK,56,76.36770285561147,19.665511503757635,12.683310782496912,4.7115472937807015
Bacteria,trim65,CK,56,76.5910248938996,34.49399280639391,12.683310782496912,4.7115472937807015
Bacteria,trim66,CK,56,83.99343216982186,40.6188698057648,12.683310782496912,4.7115472937807015
Bacteria,trim67,TCP,70,-87.31997519109859,31.830115422206852,12.683310782496912,4.7115472937807015
Bacteria,trim68,TCP,70,-88.97380150946536,38.74212226043444,12.683310782496912,4.7115472937807015
Bacteria,trim69,TCP,70,-91.07931399759039,25.625705946833257,12.683310782496912,4.7115472937807015
Bacteria,trim7,TCP,7,-66.4832087551471,-62.67295605669744,12.683310782496912,4.7115472937807015
Bacteria,trim70,TCK,70,78.78467180748414,49.775429989537216,12.683310782496912,4.7115472937807015
Bacteria,trim71,TCK,70,79.32651823379206,53.25150879595486,12.683310782496912,4.7115472937807015
Bacteria,trim72,TCK,70,81.94670541049388,55.59470084473111,12.683310782496912,4.7115472937807015
Bacteria,trim73,CP,70,-67.57314182805439,85.21510637972766,12.683310782496912,4.7115472937807015
Bacteria,trim74,CP,70,-64.31856435239808,92.88031543495904,12.683310782496912,4.7115472937807015
Bacteria,trim75,CP,70,-67.97008909064789,85.6179029602207,12.683310782496912,4.7115472937807015
Bacteria,trim76,CK,70,82.17355489302831,52.92585754720338,12.683310782496912,4.7115472937807015
Bacteria,trim77,CK,70,81.77075453931663,62.33627215755305,12.683310782496912,4.7115472937807015
Bacteria,trim78,CK,70,83.69958890430176,58.06587960038797,12.683310782496912,4.7115472937807015
Bacteria,trim79,TCP,7,-65.46465182289568,-58.74052697638553,12.683310782496912,4.7115472937807015
Bacteria,trim8,TCP,7,-61.983836739102514,-71.2700645513061,12.683310782496912,4.7115472937807015
Bacteria,trim80,TCK,7,65.76336130598638,-24.382931267157826,12.683310782496912,4.7115472937807015
Bacteria,trim81,CP,7,-56.16317946484606,-64.56697237461577,12.683310782496912,4.7115472937807015
Bacteria,trim82,CK,7,67.91772311728509,-21.33117529257854,12.683310782496912,4.7115472937807015
Bacteria,trim83,TCP,14,-74.70097697830018,-42.45797967857985,12.683310782496912,4.7115472937807015
Bacteria,trim84,TCK,14,70.00962077100822,-21.11530875013639,12.683310782496912,4.7115472937807015
Bacteria,trim85,CP,14,-73.33417591879888,-40.62041019820709,12.683310782496912,4.7115472937807015
Bacteria,trim86,CK,14,67.7277460332887,-17.044538924152107,12.683310782496912,4.7115472937807015
Bacteria,trim87,TCP,28,-92.94499179266619,-14.593517642177002,12.683310782496912,4.7115472937807015
Bacteria,trim88,TCK,28,70.00804498224296,-2.9668455168965377,12.683310782496912,4.7115472937807015
Bacteria,trim89,CP,28,-76.79262926877583,17.960302003425426,12.683310782496912,4.7115472937807015
Bacteria,trim9,TCP,7,-58.95504584009615,-61.52897412962609,12.683310782496912,4.7115472937807015
Bacteria,trim90,CK,28,77.73984382468828,23.98196413176689,12.683310782496912,4.7115472937807015
Bacteria,trim91,TCP,42,-83.46296057355165,21.277755500205725,12.683310782496912,4.7115472937807015
Bacteria,trim92,TCK,42,72.18481104787831,22.199982523771073,12.683310782496912,4.7115472937807015
Bacteria,trim93,CP,42,-77.67867451707887,54.930970039260195,12.683310782496912,4.7115472937807015
Bacteria,trim94,CK,42,73.19975315504531,38.07924499449076,12.683310782496912,4.7115472937807015
Bacteria,trim95,TCP,56,-85.83794283220655,33.18799809914053,12.683310782496912,4.7115472937807015
Bacteria,trim96,TCK,56,69.02362573596032,25.276319318052927,12.683310782496912,4.7115472937807015
Bacteria,trim97,CP,56,-79.72243714856285,46.303482247887246,12.683310782496912,4.7115472937807015
Bacteria,trim98,CK,56,55.60773088366955,16.316037978809817,12.683310782496912,4.7115472937807015
Bacteria,trim99,TCP,70,-86.67869489154614,15.697259486009782,12.683310782496912,4.7115472937807015
Fungi,trim1,CP,0,-4.431072804005862,-6.13216252921691,21.20692100426972,2.408793471308766
Fungi,trim10,TCK,7,25.53989852638819,18.285059009003803,21.20692100426972,2.408793471308766
Fungi,trim100,TCK,70,24.892354749947728,8.073496051110764,21.20692100426972,2.408793471308766
Fungi,trim101,CP,70,-28.275010195527074,14.355470378752976,21.20692100426972,2.408793471308766
Fungi,trim102,CK,70,22.05784189586888,6.957158596017379,21.20692100426972,2.408793471308766
Fungi,trim11,TCK,7,25.51569707373418,-7.211710181983514,21.20692100426972,2.408793471308766
Fungi,trim12,TCK,7,23.356844397862204,-11.22939449176937,21.20692100426972,2.408793471308766
Fungi,trim13,CP,7,-18.172755397074763,-19.806938947298043,21.20692100426972,2.408793471308766
Fungi,trim14,CP,7,-21.267786732570084,-13.137163625899293,21.20692100426972,2.408793471308766
Fungi,trim15,CP,7,-22.253279255566557,-17.469825969336632,21.20692100426972,2.408793471308766
Fungi,trim151,CP,0,-4.265894943578592,-4.5146291348365635,21.20692100426972,2.408793471308766
Fungi,trim152,CK,0,22.62392644608583,4.765828674057166,21.20692100426972,2.408793471308766
Fungi,trim16,CK,7,28.451512198284053,-5.149022480804076,21.20692100426972,2.408793471308766
Fungi,trim17,CK,7,25.97794364783674,-7.983005845996299,21.20692100426972,2.408793471308766
Fungi,trim18,CK,7,25.87558509821019,-6.793786137197385,21.20692100426972,2.408793471308766
Fungi,trim19,TCP,14,-24.131908454783353,-5.915537125177901,21.20692100426972,2.408793471308766
Fungi,trim2,CP,0,-4.850626115383368,-11.455409907333141,21.20692100426972,2.408793471308766
Fungi,trim20,TCP,14,-26.121670440139034,-10.476877709896847,21.20692100426972,2.408793471308766
Fungi,trim21,TCP,14,-24.929666466138272,-12.81080919697505,21.20692100426972,2.408793471308766
Fungi,trim22,TCK,14,24.978796734746254,-13.216473827887434,21.20692100426972,2.408793471308766
Fungi,trim23,TCK,14,27.64072152532103,-11.752873762334048,21.20692100426972,2.408793471308766
Fungi,trim24,TCK,14,22.735577824579646,-8.732682710207435,21.20692100426972,2.408793471308766
Fungi,trim25,CP,14,-21.84444428842048,-11.661681056027538,21.20692100426972,2.408793471308766
Fungi,trim26,CP,14,-23.463720423511855,-5.520164442357126,21.20692100426972,2.408793471308766
Fungi,trim27,CP,14,-24.243291998649635,-7.085201782609384,21.20692100426972,2.408793471308766
Fungi,trim28,CK,14,29.250893068808264,-2.0335136626570423,21.20692100426972,2.408793471308766
Fungi,trim29,CK,14,26.270375991022817,-0.4770884653317484,21.20692100426972,2.408793471308766
Fungi,trim3,CP,0,-7.0310789775300835,-8.405061208041307,21.20692100426972,2.408793471308766
Fungi,trim30,CK,14,28.138904140435965,-5.767433900806019,21.20692100426972,2.408793471308766
Fungi,trim31,TCP,28,-30.91151136934475,-3.275857280104347,21.20692100426972,2.408793471308766
Fungi,trim32,TCP,28,-25.588499019837247,-5.803826156366774,21.20692100426972,2.408793471308766
Fungi,trim33,TCP,28,-27.051613421121676,-5.339392483706667,21.20692100426972,2.408793471308766
Fungi,trim34,TCK,28,28.41320433699484,-8.03421237809093,21.20692100426972,2.408793471308766
Fungi,trim35,TCK,28,22.89345016893701,-10.939327832841178,21.20692100426972,2.408793471308766
Fungi,trim36,TCK,28,22.978527689057923,-9.67006815339876,21.20692100426972,2.408793471308766
Fungi,trim37,CP,28,-23.683223585049948,-14.424917853644711,21.20692100426972,2.408793471308766
Fungi,trim38,CP,28,-23.635144074316933,-1.8295744521178157,21.20692100426972,2.408793471308766
Fungi,trim39,CP,28,-26.724760595003957,-1.3510050521220571,21.20692100426972,2.408793471308766
Fungi,trim4,CK,0,26.036598770400182,1.3096196043009487,21.20692100426972,2.408793471308766
Fungi,trim40,CK,28,23.835268514402493,-1.611602737680518,21.20692100426972,2.408793471308766
Fungi,trim41,CK,28,24.759315714204735,-2.5707812105726573,21.20692100426972,2.408793471308766
Fungi,trim42,CK,28,26.194333079279495,-1.6089953382347955,21.20692100426972,2.408793471308766
Fungi,trim43,TCP,42,-31.863585987424447,3.2593363539653835,21.20692100426972,2.408793471308766
Fungi,trim44,TCP,42,-27.930568626082934,-0.007706657532556367,21.20692100426972,2.408793471308766
Fungi,trim45,TCP,42,-29.458960098659805,-4.260739859994823,21.20692100426972,2.408793471308766
Fungi,trim46,TCK,42,23.427629175092864,-8.666592925287585,21.20692100426972,2.408793471308766
Fungi,trim47,TCK,42,25.791355994689656,-3.0914942543304536,21.20692100426972,2.408793471308766
Fungi,trim48,TCK,42,24.55453855842679,12.27062293429753,21.20692100426972,2.408793471308766
Fungi,trim49,CP,42,-25.00208837861728,8.193381721652491,21.20692100426972,2.408793471308766
Fungi,trim5,CK,0,24.841837240144258,-9.112969419336313,21.20692100426972,2.408793471308766
Fungi,trim50,CP,42,-25.7028458599304,5.3187871643547675,21.20692100426972,2.408793471308766
Fungi,trim51,CP,42,-29.0528199015356,11.37873040476107,21.20692100426972,2.408793471308766
Fungi,trim52,CK,42,26.69166416212506,13.986696072875835,21.20692100426972,2.408793471308766
Fungi,trim53,CK,42,24.35126161152836,10.469991403999312,21.20692100426972,2.408793471308766
Fungi,trim54,CK,42,23.354029728939512,11.550467939102907,21.20692100426972,2.408793471308766
Fungi,trim55,TCP,56,-32.17717831015651,9.791489738793377,21.20692100426972,2.408793471308766
Fungi,trim56,TCP,56,-25.81364140608226,10.653014626929943,21.20692100426972,2.408793471308766
Fungi,trim57,TCP,56,-32.01928851991882,6.156729224156141,21.20692100426972,2.408793471308766
Fungi,trim58,TCK,56,24.199520671174056,-0.10625904079707,21.20692100426972,2.408793471308766
Fungi,trim59,TCK,56,28.567137128251655,0.5676708128824272,21.20692100426972,2.408793471308766
Fungi,trim6,CK,0,27.4909104484184,-4.084457277906112,21.20692100426972,2.408793471308766
Fungi,trim60,TCK,56,22.527914387516343,5.599587351316422,21.20692100426972,2.408793471308766
Fungi,trim61,CP,56,-29.275118238591592,-0.5748515801956873,21.20692100426972,2.408793471308766
Fungi,trim62,CP,56,-28.161187215649857,10.378720580247315,21.20692100426972,2.408793471308766
Fungi,trim63,CP,56,-25.654870395379177,5.65127000179595,21.20692100426972,2.408793471308766
Fungi,trim64,CK,56,24.084700917055383,10.858474980687038,21.20692100426972,2.408793471308766
Fungi,trim65,CK,56,23.845634404093712,5.70858733410481,21.20692100426972,2.408793471308766
Fungi,trim66,CK,56,23.970018600350667,11.425319594670134,21.20692100426972,2.408793471308766
Fungi,trim67,TCP,70,-33.47584666634917,14.101364469418371,21.20692100426972,2.408793471308766
Fungi,trim68,TCP,70,-31.75781697529208,16.47777309426218,21.20692100426972,2.408793471308766
Fungi,trim69,TCP,70,-30.27004892360212,2.1340288623976473,21.20692100426972,2.408793471308766
Fungi,trim7,TCP,7,-24.766651225817945,-9.830582591534675,21.20692100426972,2.408793471308766
Fungi,trim70,TCK,70,23.679932790290803,-0.5220176023570974,21.20692100426972,2.408793471308766
Fungi,trim71,TCK,70,24.029679959261497,3.9316906436017085,21.20692100426972,2.408793471308766
Fungi,trim72,TCK,70,23.752420639677123,4.591333956977003,21.20692100426972,2.408793471308766
Fungi,trim73,CP,70,-30.27832726828004,8.251214386831705,21.20692100426972,2.408793471308766
Fungi,trim74,CP,70,-24.879074921726943,14.376085073389515,21.20692100426972,2.408793471308766
Fungi,trim75,CP,70,-29.263364980911934,10.848258391164833,21.20692100426972,2.408793471308766
Fungi,trim76,CK,70,22.37369784456035,8.818401656238116,21.20692100426972,2.408793471308766
Fungi,trim77,CK,70,24.117843313710015,12.041608057483137,21.20692100426972,2.408793471308766
Fungi,trim78,CK,70,22.62157132403279,7.707059189481592,21.20692100426972,2.408793471308766
Fungi,trim79,TCP,7,-25.967226639280483,-5.035798153119279,21.20692100426972,2.408793471308766
Fungi,trim8,TCP,7,-23.80775594596271,-9.851107871580151,21.20692100426972,2.408793471308766
Fungi,trim80,TCK,7,23.654984329185204,5.241506217810179,21.20692100426972,2.408793471308766
Fungi,trim81,CP,7,-20.209331268571074,6.971130052773215,21.20692100426972,2.408793471308766
Fungi,trim82,CK,7,23.761523533449765,-3.556943433171746,21.20692100426972,2.408793471308766
Fungi,trim83,TCP,14,-23.71350626396501,-11.595084255885803,21.20692100426972,2.408793471308766
Fungi,trim84,TCK,14,25.57456274397993,-0.09605470082075854,21.20692100426972,2.408793471308766
Fungi,trim85,CP,14,-18.63169695581932,13.584547878533515,21.20692100426972,2.408793471308766
Fungi,trim86,CK,14,24.516032710858617,0.3479965900167147,21.20692100426972,2.408793471308766
Fungi,trim87,TCP,28,-27.942570798016483,-1.1434145326247653,21.20692100426972,2.408793471308766
Fungi,trim88,TCK,28,22.86801995794427,1.2955769769817798,21.20692100426972,2.408793471308766
Fungi,trim89,CP,28,-27.751987649095067,3.619308786695775,21.20692100426972,2.408793471308766
Fungi,trim9,TCP,7,-20.364673708438314,-12.319977415702555,21.20692100426972,2.408793471308766
Fungi,trim90,CK,28,24.429315048893805,5.243355540940675,21.20692100426972,2.408793471308766
Fungi,trim91,TCP,42,-23.546268914111057,1.7135880225761246,21.20692100426972,2.408793471308766
Fungi,trim92,TCK,42,23.941349827278827,8.323397057910885,21.20692100426972,2.408793471308766
Fungi,trim93,CP,42,-26.946893201027557,5.012036441757879,21.20692100426972,2.408793471308766
Fungi,trim94,CK,42,24.944812955432262,-5.297071652420071,21.20692100426972,2.408793471308766
Fungi,trim95,TCP,56,-29.956824445992726,2.003178686635126,21.20692100426972,2.408793471308766
Fungi,trim96,TCK,56,24.14275354059509,0.5070593589705928,21.20692100426972,2.408793471308766
Fungi,trim97,CP,56,-31.138900381389387,1.2068572856757585,21.20692100426972,2.408793471308766
Fungi,trim98,CK,56,23.604077770992014,2.251538959863575,21.20692100426972,2.408793471308766
Fungi,trim99,TCP,70,-28.47042428112632,2.7857260632352734,21.20692100426972,2.408793471308766
