no,Treatment,Time,FS,RS,mcrA,fungcbl,nifH,AOB,AOA,nirS,nirK,nosZ,pomA,phoD
1,TCP,0,2.89E+05,5.84E+04,1.61E+05,403.5,3.50E+06,5.58E+05,1.39E+05,6.43E+06,2.33E+07,4.38E+06,2.56E+06,5.08E+07
2,TCP,0,4.64E+05,4.48E+04,1.75E+05,523.6,3.91E+06,6.46E+05,2.12E+05,7.57E+06,3.42E+07,5.75E+06,3.50E+06,6.81E+07
3,TCP,0,5.30E+05,4.60E+04,1.79E+05,547,4.60E+06,6.97E+05,2.19E+05,9.19E+06,3.60E+07,6.95E+06,3.02E+06,8.42E+07
7,TCK,0,6.82E+05,1.08E+05,1.68E+05,1467,9.00E+06,1.14E+06,7.61E+05,1.01E+07,5.12E+07,7.34E+06,5.50E+06,1.04E+08
8,TCK,0,6.03E+05,8.00E+04,1.39E+05,1462,8.83E+06,1.07E+06,7.63E+05,1.17E+07,4.69E+07,7.48E+06,5.48E+06,1.17E+08
9,TCK,0,6.46E+05,8.40E+04,1.42E+05,1607,9.84E+06,1.08E+06,8.63E+05,1.04E+07,5.08E+07,7.85E+06,5.33E+06,1.10E+08
13,TCP,1,1.12E+05,4.48E+04,8.12E+04,592.25,3.18E+06,3.90E+05,3.23E+05,1.99E+07,2.48E+07,8.28E+06,2.64E+06,2.97E+07
14,TCP,1,1.14E+05,4.00E+04,8.16E+04,683.45,2.96E+06,3.95E+05,2.88E+05,2.30E+07,2.81E+07,8.48E+06,2.57E+06,2.69E+07
15,TCP,1,1.19E+05,5.32E+04,8.92E+04,459.1,2.82E+06,4.20E+05,2.91E+05,2.36E+07,2.73E+07,8.28E+06,2.48E+06,2.77E+07
19,TCK,1,1.97E+05,9.56E+04,7.44E+04,1430,4.36E+06,7.16E+05,7.64E+05,3.17E+07,3.75E+07,1.06E+07,3.59E+06,3.81E+07
20,TCK,1,1.80E+05,8.96E+04,7.56E+04,891.8,3.87E+06,6.08E+05,8.24E+05,3.19E+07,4.00E+07,1.04E+07,3.17E+06,3.64E+07
21,TCK,1,2.04E+05,9.12E+04,7.04E+04,1131.5,4.28E+06,6.72E+05,8.16E+05,3.00E+07,3.97E+07,1.02E+07,3.20E+06,4.04E+07
25,TCP,2,1.35E+05,4.16E+04,1.00E+05,452.35,3.10E+06,5.20E+05,2.69E+05,2.81E+07,2.89E+07,9.44E+06,2.93E+06,2.70E+07
26,TCP,2,1.24E+05,3.59E+04,1.05E+05,395.35,3.14E+06,5.40E+05,2.88E+05,2.67E+07,3.13E+07,8.92E+06,3.05E+06,2.77E+07
27,TCP,2,1.27E+05,4.08E+04,1.00E+05,496.4,3.12E+06,5.56E+05,2.84E+05,2.70E+07,2.94E+07,9.12E+06,2.82E+06,2.91E+07
31,TCK,2,2.15E+05,6.32E+04,7.56E+04,1213.5,4.32E+06,6.88E+05,7.16E+05,3.46E+07,4.05E+07,1.06E+07,3.38E+06,4.40E+07
32,TCK,2,2.05E+05,7.68E+04,6.88E+04,1044,3.86E+06,6.12E+05,7.04E+05,3.28E+07,3.58E+07,1.00E+07,3.44E+06,3.91E+07
33,TCK,2,1.98E+05,7.52E+04,6.64E+04,1154.5,4.12E+06,6.00E+05,7.20E+05,3.34E+07,3.74E+07,1.00E+07,3.80E+06,4.16E+07
37,TCP,4,1.46E+05,7.72E+03,9.04E+04,443.05,3.26E+06,5.96E+05,3.05E+05,2.61E+07,2.93E+07,9.08E+06,3.20E+06,3.17E+07
38,TCP,4,1.31E+05,8.72E+03,9.36E+04,388.3,3.59E+06,5.76E+05,2.64E+05,2.80E+07,2.87E+07,8.84E+06,2.92E+06,2.78E+07
39,TCP,4,1.47E+05,7.20E+03,9.60E+04,451.95,3.26E+06,5.80E+05,3.08E+05,2.60E+07,3.02E+07,9.16E+06,3.11E+06,2.87E+07
4,TCK,4,1.90E+05,3.56E+04,6.64E+04,1202,4.28E+06,6.08E+05,6.92E+05,3.06E+07,4.39E+07,9.28E+06,3.61E+06,4.32E+07
5,TCK,4,1.86E+05,3.87E+04,6.92E+04,897.4,4.08E+06,5.60E+05,6.84E+05,3.53E+07,4.13E+07,8.96E+06,3.84E+06,3.66E+07
6,TCK,4,1.83E+05,3.65E+04,7.12E+04,1294.5,4.00E+06,5.68E+05,7.60E+05,3.24E+07,4.13E+07,9.36E+06,3.74E+06,4.48E+07
10,TCP,6,1.45E+05,1.32E+04,9.92E+04,691.05,3.47E+06,5.52E+05,3.87E+05,2.16E+07,2.66E+07,8.96E+06,3.17E+06,3.38E+07
11,TCP,6,1.36E+05,1.04E+04,1.05E+05,580.85,3.43E+06,5.72E+05,3.22E+05,2.27E+07,2.84E+07,8.24E+06,3.20E+06,3.24E+07
12,TCP,6,1.64E+05,9.56E+03,9.44E+04,550.75,3.66E+06,6.24E+05,3.67E+05,2.48E+07,3.06E+07,8.52E+06,3.61E+06,3.74E+07
16,TCK,6,1.92E+05,3.85E+04,7.76E+04,1738.5,4.32E+06,6.80E+05,9.76E+05,2.97E+07,4.43E+07,8.64E+06,3.92E+06,5.04E+07
17,TCK,6,1.90E+05,3.98E+04,7.88E+04,1251,4.52E+06,6.52E+05,9.64E+05,2.93E+07,4.37E+07,8.84E+06,3.52E+06,4.56E+07
18,TCK,6,2.01E+05,3.27E+04,7.52E+04,1288,4.76E+06,6.32E+05,9.36E+05,3.08E+07,4.10E+07,8.56E+06,4.24E+06,5.12E+07
22,TCP,8,1.65E+05,8.00E+03,8.48E+04,481.45,3.29E+06,6.28E+05,3.58E+05,2.49E+07,3.38E+07,9.32E+06,3.43E+06,3.62E+07
23,TCP,8,1.53E+05,7.92E+03,9.00E+04,514.75,3.45E+06,6.72E+05,3.42E+05,2.66E+07,3.19E+07,9.00E+06,3.28E+06,3.87E+07
24,TCP,8,1.52E+05,7.96E+03,9.20E+04,540.35,3.58E+06,6.52E+05,3.54E+05,2.70E+07,3.38E+07,9.44E+06,3.50E+06,4.00E+07
28,TCK,8,1.86E+05,8.48E+04,7.88E+04,1425.5,4.52E+06,6.56E+05,8.60E+05,2.52E+07,4.35E+07,8.00E+06,3.76E+06,5.00E+07
29,TCK,8,1.82E+05,7.08E+04,7.20E+04,1165.5,4.30E+06,6.32E+05,8.32E+05,2.71E+07,4.24E+07,8.00E+06,3.45E+06,4.56E+07
30,TCK,8,1.60E+05,8.68E+04,7.76E+04,1437.5,4.84E+06,6.44E+05,7.64E+05,2.75E+07,4.38E+07,7.84E+06,3.56E+06,5.20E+07
34,TCP,10,1.63E+05,8.12E+03,8.16E+04,496.9,3.69E+06,6.52E+05,3.96E+05,2.62E+07,3.31E+07,9.32E+06,3.48E+06,3.95E+07
35,TCP,10,1.64E+05,7.16E+03,8.40E+04,610.9,3.71E+06,6.20E+05,4.24E+05,2.48E+07,3.48E+07,9.88E+06,3.30E+06,4.04E+07
36,TCP,10,1.66E+05,7.80E+03,8.04E+04,554.55,3.67E+06,6.36E+05,3.93E+05,2.43E+07,3.56E+07,9.72E+06,3.69E+06,4.40E+07
40,TCK,10,1.62E+05,1.33E+05,7.48E+04,1578.5,4.20E+06,6.28E+05,8.92E+05,2.65E+07,3.53E+07,8.24E+06,3.41E+06,4.80E+07
41,TCK,10,1.83E+05,1.19E+05,8.04E+04,1314.5,4.32E+06,6.12E+05,8.48E+05,2.46E+07,3.87E+07,8.40E+06,3.48E+06,5.04E+07
42,TCK,10,1.82E+05,1.26E+05,7.76E+04,1730.5,4.16E+06,6.52E+05,8.92E+05,2.61E+07,3.67E+07,8.44E+06,3.69E+06,4.60E+07
