SampleID,Group,Week,Treatment,Site,Bac_Richness,Bac_Shannon,Bac_Simpson,Bac_Chao1,Fun_Richness,Fun_Shannon,Fun_Simpson,Fun_Chao1,Bac_PD,Bac_SR,Bac_PSV,Fun_PD,Fun_SR,Fun_PSV,Fun_PSR
trim7,TP1,1,TCP,Non_Genji,7169,7.326225707,0.994528241,11460.9369,391,2.514069204,0.785818564,496.0185185,181.321762,7169,0.631809401,68.68677723,391,0.597182641,233.4984125
trim8,TP1,1,TCP,Non_Genji,6906,7.17458897,0.992815712,10746.08468,410,3.15225891,0.910896427,457.3859649,176.8578816,6906,0.633273739,68.21333125,410,0.5981344,245.2351041
trim9,TP1,1,TCP,Non_Genji,6965,7.265991327,0.993019448,10911.77927,408,3.085564673,0.911227708,472.4897959,176.3730486,6965,0.631610446,63.91291731,408,0.601585062,245.4467052
trim79,TP1,1,TCP,Non_Genji,6238,6.867271785,0.988141822,10082.10309,359,3.136067913,0.907783847,428,162.0183745,6238,0.636327513,63.90208936,359,0.599878494,215.3563793
trim10,TK1,1,TCK,Non_Genji,7457,8.020118453,0.998943046,11575.36292,479,3.336349086,0.917741419,538.7142857,186.1824962,7457,0.62314058,74.62537237,479,0.608004327,291.2340727
trim11,TK1,1,TCK,Non_Genji,8330,8.086335947,0.999081721,11881.70973,502,3.115235608,0.905824342,640.9444444,195.2577813,8330,0.633434935,70.07972218,502,0.601823186,302.1152396
trim12,TK1,1,TCK,Non_Genji,8149,8.197244154,0.999274256,12035.53164,520,3.181687306,0.909957993,606.3333333,196.3557325,8149,0.629530743,73.30121784,520,0.60499145,314.5955539
trim80,TK1,1,TCK,Non_Genji,7582,8.019159324,0.998931289,11655.00774,463,3.139091817,0.914887283,523.3387097,187.5689835,7582,0.619713738,68.75686044,463,0.602917653,279.1508733
trim13,P1,1,CP,Non_Genji,7364,7.340513567,0.994507642,11303.22306,424,3.154572187,0.912732894,498.5918367,185.2605806,7364,0.633141726,66.41008911,424,0.592333483,251.1493969
trim14,P1,1,CP,Non_Genji,7670,7.294483752,0.993729378,11606.48971,420,3.21614581,0.925603116,494.82,188.3414064,7670,0.634296591,68.09226164,420,0.601254803,252.5270172
trim15,P1,1,CP,Non_Genji,8228,7.379439088,0.994105178,12024.02768,426,3.477525012,0.937199327,452.1016949,196.0255278,8228,0.633939479,69.59380666,426,0.597632764,254.5915574
trim81,P1,1,CP,Non_Genji,5680,6.705992484,0.986200028,9370.009251,386,3.255791334,0.911679386,427.325,152.9777074,5680,0.642306775,68.1615433,386,0.60700894,234.3054509
trim16,K1,1,CK,Non_Genji,7304,8.022421368,0.998998511,11594.99509,541,3.409575072,0.922033323,655.4788732,182.197226,7304,0.630242114,72.93845341,541,0.602341193,325.8665854
trim17,K1,1,CK,Non_Genji,8695,8.163335451,0.999178864,12172.24015,485,3.146973823,0.911768486,602.0967742,202.9839489,8695,0.626010322,67.27622448,485,0.600390213,291.1892535
trim18,K1,1,CK,Non_Genji,9477,8.205993986,0.999174243,12704.98332,504,3.32102043,0.924988,608.2083333,214.4117701,9477,0.624156562,69.63884223,504,0.599341701,302.0682172
trim82,K1,1,CK,Non_Genji,8164,8.061759501,0.998995091,12115.46594,499,3.149441499,0.910468518,556.5538462,196.1781694,8164,0.621004968,70.60453669,499,0.605229029,302.0092853
trim19,TP2,2,TCP,Non_Genji,7677,7.519277973,0.996177999,11587.06316,356,3.214463318,0.915487764,395.7826087,186.9288963,7677,0.627485024,66.02224154,356,0.599220036,213.3223328
trim20,TP2,2,TCP,Non_Genji,8107,7.522099234,0.996141353,11440.00598,355,3.353636012,0.924307224,394.8571429,194.3022246,8107,0.628221937,62.84880337,355,0.60043977,213.1561182
trim21,TP2,2,TCP,Non_Genji,6821,7.442123185,0.995796664,10891.91282,400,3.166125306,0.904289751,434.6956522,178.4493546,6821,0.633198966,65.82875285,400,0.593215476,237.2861904
trim83,TP2,2,TCP,Non_Genji,5929,7.104361463,0.993488302,9683.996432,351,3.363826079,0.926696422,376.875,154.4425895,5929,0.638314565,61.36291817,351,0.596603719,209.4079053
trim22,TK2,2,TCK,Non_Genji,8922,8.148898448,0.999077303,12507.11013,544,3.38627499,0.927128361,641.5909091,206.2613318,8922,0.621141722,75.92171624,544,0.602540172,327.7818536
trim23,TK2,2,TCK,Non_Genji,8508,8.176126092,0.999150913,12058.13105,503,3.436116682,0.921943121,587.1666667,202.1759841,8508,0.625586828,69.30338413,503,0.602968848,303.2933303
trim24,TK2,2,TCK,Non_Genji,8742,8.187910089,0.999194284,12504.8,504,3.219401287,0.912314879,671.0606061,205.4022923,8742,0.623362495,73.6855879,504,0.605727971,305.2868975
trim84,TK2,2,TCK,Non_Genji,8510,8.090805158,0.998936873,12158.17811,527,3.21069976,0.912123732,601.2647059,200.3452861,8510,0.625198086,74.35092651,527,0.601032324,316.744035
trim25,P2,2,CP,Non_Genji,7776,7.629159894,0.996889763,11637.08831,376,3.269174922,0.928741055,412.4285714,189.9844122,7776,0.633185702,61.50188879,376,0.587111086,220.7537684
trim26,P2,2,CP,Non_Genji,6189,7.356746831,0.993459416,10200.27541,387,3.2206909,0.920889542,425.0377358,171.1960737,6189,0.637355293,62.77892984,387,0.591704023,228.9894568
trim27,P2,2,CP,Non_Genji,6231,7.384420626,0.995357734,10073.28287,357,3.365459279,0.932021224,396.75,170.7011542,6231,0.637769835,60.91464796,357,0.603616823,215.4912059
trim85,P2,2,CP,Non_Genji,6588,7.22925132,0.993726991,10548.90768,340,3.206627046,0.913093621,348.5555556,173.3100088,6588,0.638255905,65.36376591,340,0.603850021,205.3090072
trim28,K2,2,CK,Non_Genji,7992,8.066701899,0.999002531,11880.76923,499,3.439729194,0.924153243,578.5405405,195.993453,7992,0.62932471,68.35315329,499,0.603598002,301.1954028
trim29,K2,2,CK,Non_Genji,7835,8.096292715,0.999058255,12014.47766,528,3.256417321,0.921657656,616.8734177,193.45411,7835,0.622237712,73.42215744,528,0.60263948,318.1936452
trim30,K2,2,CK,Non_Genji,10076,8.173294883,0.998981936,13404.7225,532,3.477568997,0.93520297,645.6818182,222.7621528,10076,0.625029429,74.41373261,532,0.602339922,320.4448386
trim86,K2,2,CK,Non_Genji,8360,8.097002773,0.999032481,12147.09938,514,3.421756867,0.929857544,581.1578947,200.4942625,8360,0.623760298,71.77471411,514,0.60660606,311.795515
trim31,TP4,4,TCP,Non_Genji,5653,7.167101111,0.99461969,9607.157593,353,3.268680783,0.916302401,392.7906977,153.4739445,5653,0.640845742,60.0223602,353,0.598508366,211.2734531
trim32,TP4,4,TCP,Non_Genji,5997,7.392236214,0.996250571,10025.28212,379,3.101089501,0.887676053,467.0285714,165.2010861,5997,0.6316152,64.64578511,379,0.596448004,226.0537934
trim33,TP4,4,TCP,Non_Genji,5833,7.369288177,0.996331771,10122.02507,363,3.264167864,0.912561258,409.2222222,165.535509,5833,0.633024403,62.86151672,363,0.597751089,216.9836451
trim87,TP4,4,TCP,Non_Genji,7181,7.339487578,0.994863957,11039.8972,332,3.523414436,0.920736883,383,179.1830362,7181,0.630736077,59.75606437,332,0.603403075,200.329821
trim34,TK4,4,TCK,Non_Genji,9007,8.122934883,0.999034967,12596.82341,484,3.388803005,0.932705888,584.640625,210.3511018,9007,0.624650292,68.24194925,484,0.602229434,291.479046
trim35,TK4,4,TCK,Non_Genji,7820,8.068570961,0.998956158,11846.62096,489,3.195105762,0.91509006,618,191.518744,7820,0.636281038,64.96066344,489,0.595475886,291.1877083
trim36,TK4,4,TCK,Non_Genji,7492,8.029068285,0.998871337,11407.38406,435,3.333494159,0.925754404,519.875,186.6379815,7492,0.62955623,66.2072654,435,0.601702863,261.7407453
trim88,TK4,4,TCK,Non_Genji,7924,8.012776628,0.998783553,11607.26542,465,3.215359928,0.915309462,540.7826087,192.5715009,7924,0.628993001,69.04898937,465,0.601246112,279.5794422
trim37,P4,4,CP,Non_Genji,6612,7.688905273,0.998084369,10839.89428,343,3.206963614,0.919049721,371.2857143,176.4486226,6612,0.630780291,58.57536537,343,0.598581035,205.3132951
trim38,P4,4,CP,Non_Genji,6892,7.681576284,0.99774884,10886.15504,360,3.23089606,0.918945215,422.5714286,179.9712756,6892,0.630105655,62.99207109,360,0.593686153,213.7270152
trim39,P4,4,CP,Non_Genji,7444,7.795797617,0.9982091,11543.99721,377,3.336638204,0.911276895,410.7678571,186.8355201,7444,0.631231048,63.87468445,377,0.592620989,223.4181127
trim89,P4,4,CP,Non_Genji,7138,7.669212126,0.997843038,10963.18306,349,3.411210498,0.926495828,377.8888889,180.7519695,7138,0.632275794,63.61403278,349,0.594985234,207.6498466
trim40,K4,4,CK,Non_Genji,6888,8.004629886,0.999058607,11399.05887,460,3.152256782,0.910058671,631.2678571,179.7499912,6888,0.63260259,68.00264739,460,0.600732945,276.3371547
trim41,K4,4,CK,Non_Genji,7350,8.10101122,0.999188942,11616.50678,496,3.221329027,0.912666305,561,187.2193226,7350,0.631316124,70.34467325,496,0.602661325,298.920017
trim42,K4,4,CK,Non_Genji,7100,8.107815584,0.999220066,11371.14617,476,3.248552572,0.9200437,560.9705882,185.2925676,7100,0.625682403,68.07529993,476,0.601971097,286.5382423
trim90,K4,4,CK,Non_Genji,8268,8.146966034,0.999186641,12066.37655,483,3.256120472,0.91792629,530.0338983,198.7799778,8268,0.621955484,71.10222606,483,0.601268677,290.4127712
trim43,TP6,6,TCP,Non_Genji,6966,7.494182983,0.997114074,10776.26097,262,3.048158071,0.864343558,281.375,180.9306679,6966,0.625972535,51.27318734,262,0.599623174,157.1012717
trim44,TP6,6,TCP,Non_Genji,6171,7.351820121,0.996240297,10091.64833,309,3.374057877,0.91346292,340.3636364,167.537463,6171,0.629229019,58.59763658,309,0.59879633,185.0280661
trim45,TP6,6,TCP,Non_Genji,7371,7.480183233,0.996701446,11489.83968,369,3.12152009,0.897533018,400.1086957,187.2578147,7371,0.634033796,62.69083122,369,0.591378767,218.2187651
trim91,TP6,6,TCP,Non_Genji,6900,7.502953378,0.996961017,11131.84086,340,3.14044497,0.875281618,391.8484848,175.2316923,6900,0.627220488,60.86637821,340,0.600554412,204.1885001
trim46,TK6,6,TCK,Non_Genji,8485,8.120293095,0.999085217,12030.06711,516,3.489377669,0.93636431,634.4042553,207.1019436,8485,0.62263978,74.05535701,516,0.601454505,310.3505246
trim47,TK6,6,TCK,Non_Genji,8400,8.164992301,0.99920063,12253.83391,529,3.519227087,0.931352225,644.328125,204.9127771,8400,0.62610109,71.48452237,529,0.596757136,315.6845251
trim48,TK6,6,TCK,Non_Genji,8896,8.15465369,0.99915369,12597.00539,464,3.20831564,0.909718161,551.55,209.8175217,8896,0.620484082,67.85400049,464,0.597537675,277.2574812
trim92,TK6,6,TCK,Non_Genji,7962,8.0360637,0.999042815,11842.36548,520,3.322772491,0.917013286,578.75,193.5001225,7962,0.619867546,72.93334153,520,0.605161596,314.6840301
trim49,P6,6,CP,Non_Genji,6632,7.766809954,0.998375352,10496.34895,282,3.005252279,0.907978339,329.3571429,174.9895408,6632,0.628433453,53.34986844,282,0.58943345,166.2202329
trim50,P6,6,CP,Non_Genji,7097,7.673240491,0.996924576,11093.17647,347,3.026805066,0.914830258,386.7906977,183.6784367,7097,0.63240188,61.12469668,347,0.600580846,208.4015537
trim51,P6,6,CP,Non_Genji,7660,7.649931569,0.99744414,11498.37259,283,3.165744023,0.914569054,291.55,190.7553621,7660,0.635668706,53.57666413,283,0.589691926,166.8828151
trim93,P6,6,CP,Non_Genji,6814,7.72860149,0.998272944,10130.68522,322,3.140716204,0.901715709,343.483871,176.9817906,6814,0.627990454,57.09203444,322,0.596313866,192.0130648
trim52,K6,6,CK,Non_Genji,8160,8.119869982,0.999110111,11969.69476,464,3.269440098,0.909311915,537.4385965,198.2020056,8160,0.625630587,68.35490321,464,0.602423083,279.5243104
trim53,K6,6,CK,Non_Genji,8910,8.222207551,0.999276766,12400.33131,534,3.306907524,0.919075578,603.6081081,209.1625648,8910,0.619789755,78.31023368,534,0.604746161,322.9344501
trim54,K6,6,CK,Non_Genji,8811,8.199569288,0.999231361,12398.00839,477,3.220696261,0.917243545,549.85,207.0900638,8811,0.623643705,70.6058035,477,0.595179278,283.9005157
trim94,K6,6,CK,Non_Genji,7877,8.121823622,0.999206939,11520.31652,515,3.633144107,0.937629983,539,192.1635643,7877,0.618896975,72.90641302,515,0.601025585,309.5281762
trim55,TP8,8,TCP,Non_Genji,6716,6.883184197,0.989797293,10128.99065,262,3.193732211,0.906045026,272,169.5787497,6716,0.637954365,51.39011995,262,0.588959503,154.3073898
trim56,TP8,8,TCP,Non_Genji,7463,7.267709298,0.994190331,11449.80171,311,3.135649351,0.918959986,343.8,184.1808345,7463,0.63139282,54.77740522,311,0.59861064,186.1679089
trim57,TP8,8,TCP,Non_Genji,7273,7.225044542,0.992954791,11100.49637,302,3.050808499,0.897887257,318.4347826,182.6000841,7273,0.629204014,57.26214289,302,0.596369349,180.1035434
trim95,TP8,8,TCP,Non_Genji,6355,7.323261727,0.994228282,9587.408131,260,3.287934716,0.894654972,272.1578947,167.1976624,6355,0.631488057,52.18250401,260,0.598214022,155.5356457
trim58,TK8,8,TCK,Non_Genji,8698,8.123520254,0.999146004,12604.4898,508,3.416987237,0.930661434,599.4677419,202.0224487,8698,0.621462537,72.91448126,508,0.603215014,306.4332269
trim59,TK8,8,TCK,Non_Genji,7549,8.002120722,0.998944834,11438.79343,465,3.387990453,0.925864766,546.6842105,184.4243313,7549,0.633459257,65.48787765,465,0.602674175,280.2434912
trim60,TK8,8,TCK,Non_Genji,8596,8.129610721,0.99902656,12267.40161,485,3.186135295,0.914420643,568.637931,202.9359346,8596,0.626546348,67.92401092,485,0.600876478,291.4250918
trim96,TK8,8,TCK,Non_Genji,8024,8.05046946,0.998986111,11720.106,513,3.245151659,0.915302604,602.4583333,192.6796285,8024,0.620784219,71.09743243,513,0.600317285,307.9627674
trim61,P8,8,CP,Non_Genji,7980,7.707482714,0.997970575,11573.79067,304,3.092135834,0.905138727,320.5,193.1194114,7980,0.629193979,56.74990128,304,0.590890634,179.6307528
trim62,P8,8,CP,Non_Genji,7943,7.630688514,0.997340493,11410.33855,262,3.055088939,0.90191739,291.0625,191.5197365,7943,0.631282557,48.66330639,262,0.590451483,154.6982886
trim63,P8,8,CP,Non_Genji,8413,7.668087884,0.997535857,11879.93409,272,2.950049371,0.871797239,291.7727273,200.1610626,8413,0.63001172,50.63726519,272,0.589252126,160.2765783
trim97,P8,8,CP,Non_Genji,6941,7.449515147,0.99518307,10589.20045,273,2.48032113,0.799112078,287,173.5655849,6941,0.626690656,51.9389613,273,0.59078253,161.2836306
trim64,K8,8,CK,Non_Genji,8506,7.936149091,0.998466667,12067.94643,446,3.39648403,0.922743293,491.56,199.8371462,8506,0.627036557,70.74649762,446,0.597702534,266.57533
trim65,K8,8,CK,Non_Genji,8266,8.088501189,0.999044179,11703.02604,469,3.351124166,0.925895549,548.7321429,199.2480473,8266,0.627232731,71.71465161,469,0.597018243,280.0015561
trim66,K8,8,CK,Non_Genji,8601,8.150496645,0.999182044,12104.00342,528,3.421788916,0.929742823,649,202.7816115,8601,0.622391722,75.50113828,528,0.600901363,317.2759197
trim98,K8,8,CK,Non_Genji,9024,8.058687312,0.998832873,12410.31694,575,3.604199436,0.939289555,669.137931,204.560511,9024,0.622940372,79.87541773,575,0.600162904,345.09367
trim67,TP10,10,TCP,Non_Genji,7560,7.452065053,0.996189691,11028.20793,275,3.040844009,0.87884215,316.1304348,183.5112149,7560,0.626406403,54.04098737,275,0.595861305,163.8618589
trim68,TP10,10,TCP,Non_Genji,7646,7.424089675,0.996352908,10984.24443,283,3.423529674,0.907792852,311.7,186.3503244,7646,0.628726779,51.6846458,283,0.591188474,167.3063382
trim69,TP10,10,TCP,Non_Genji,7304,7.351382107,0.995303954,10690.2816,305,3.130475676,0.901594369,317,179.5730491,7304,0.628275593,59.6264156,305,0.596351675,181.8872608
trim99,TP10,10,TCP,Non_Genji,7275,7.262455442,0.993483621,11163.92036,320,3.163670172,0.901710353,337.4,178.5809355,7275,0.631469329,59.01230896,320,0.590033195,188.8106223
trim70,TK10,10,TCK,Non_Genji,8682,8.123275584,0.999117129,12574.87454,550,3.496485896,0.934411749,625.0428571,206.8159336,8682,0.625922397,79.64467079,550,0.601247136,330.6859249
trim71,TK10,10,TCK,Non_Genji,8499,8.172767529,0.99918903,11998.07701,505,3.414053644,0.916346778,568.8507463,204.2805638,8499,0.624614223,73.23396596,505,0.599379458,302.6866262
trim72,TK10,10,TCK,Non_Genji,8679,8.169342852,0.999167711,12435.91228,467,3.379631409,0.921949388,533.3728814,205.0870854,8679,0.623759635,72.36458982,467,0.599593325,280.0100828
trim100,TK10,10,TCK,Non_Genji,9179,8.121847816,0.99895945,12693.625,532,3.29094016,0.910205963,624.9672131,209.4760482,9179,0.626556312,75.93363655,532,0.60168263,320.0951593
trim73,P10,10,CP,Non_Genji,7717,7.762341121,0.998223037,11181.46221,305,3.081708128,0.90326196,323.125,191.1353753,7717,0.629450264,57.10040678,305,0.59287171,180.8258716
trim74,P10,10,CP,Non_Genji,7418,7.77655966,0.998153693,10820.80042,294,3.083823341,0.899098736,325.0714286,187.8938492,7418,0.631536199,55.76616749,294,0.600880103,176.6587502
trim75,P10,10,CP,Non_Genji,7179,7.728862797,0.998323956,10936.25932,265,3.002399168,0.875016375,287.5454545,182.7540684,7179,0.632895331,50.91460328,265,0.593192135,157.1959157
trim101,P10,10,CP,Non_Genji,7872,7.820697165,0.998649586,11012.44005,240,3.06901283,0.89640979,249.5454545,193.0988662,7872,0.626287517,45.41342541,240,0.596161636,143.0787926
trim76,K10,10,CK,Non_Genji,7818,8.055197924,0.999002919,11296.14511,512,3.410066828,0.918528225,575.8,193.7423994,7818,0.628585189,73.83167949,512,0.605339569,309.9338592
trim77,K10,10,CK,Non_Genji,7782,8.080579414,0.999142443,11632.0462,530,3.485823071,0.928085553,591.9491525,193.0772571,7782,0.623003593,76.41894366,530,0.603203307,319.6977527
trim78,K10,10,CK,Non_Genji,8103,8.122440242,0.99913965,11877.56633,463,3.369362414,0.928328413,556.12,197.5883025,8103,0.623832153,70.0231926,463,0.600333278,277.9543078
trim102,K10,10,CK,Non_Genji,9272,8.200130657,0.999238788,12535.55466,513,3.607706867,0.939198088,563.1176471,211.6410873,9272,0.621443045,74.68580418,513,0.599871524,307.7340916
