No.,SampleID,Week,Treatment,KO_Richness,KO_Shannon,KO_Simpson,COG_Richness,COG_Shannon,COG_Simpson
13,S7,1,TCP,7024,7.648343949,0.999122342,33809,8.159163578,0.99902603
14,S8,1,TCP,6978,7.647726495,0.999130934,33192,8.157986859,0.999044596
15,S9,1,TCP,6977,7.653290099,0.999133217,33084,8.169711841,0.999060105
16,S10,1,TCK,6880,7.62588922,0.999073035,32090,8.083846798,0.998943111
17,S12,1,TCK,6896,7.621042083,0.999046547,32408,8.087710089,0.998927957
18,S80,1,TCK,6924,7.62572411,0.999079319,32267,8.067916451,0.998937901
19,S13,1,CP,6996,7.645949474,0.999135858,33731,8.151191953,0.9990394
20,S14,1,CP,7084,7.646712038,0.999123173,33998,8.15853481,0.99902626
21,S15,1,CP,6988,7.644982186,0.999127311,33774,8.147012108,0.999021851
22,S17,1,CK,6992,7.627577103,0.999063695,32145,8.094050249,0.998945582
23,S18,1,CK,6943,7.625629812,0.99905871,32154,8.087545524,0.998937295
24,S82,1,CK,6895,7.626413738,0.999075536,32415,8.069115264,0.998932514
25,S19,2,TCP,7008,7.64364597,0.999112065,33664,8.141726397,0.998999679
26,S20,2,TCP,7060,7.639754511,0.99909615,34128,8.151390303,0.99898076
27,S21,2,TCP,7050,7.642394479,0.999099614,33938,8.157240352,0.998996484
28,S22,2,TCK,6868,7.623117071,0.999067106,32444,8.078089238,0.998943263
29,S23,2,TCK,6908,7.617294214,0.999032705,32362,8.066184572,0.99888469
30,S24,2,TCK,6891,7.622277771,0.999051819,32242,8.082143643,0.998928964
31,S26,2,CP,7005,7.634748514,0.999060272,33710,8.137132379,0.998930508
32,S27,2,CP,6989,7.637747696,0.999070585,33647,8.142996585,0.998942099
33,S85,2,CP,7107,7.636552817,0.999096212,34313,8.13460609,0.99896948
34,S29,2,CK,6853,7.624237519,0.999062227,32301,8.08405632,0.998939662
35,S30,2,CK,6900,7.628288903,0.999071795,32389,8.091301376,0.998945384
36,S86,2,CK,6990,7.623065222,0.999057905,32929,8.067034067,0.998918126
37,S32,4,TCP,7115,7.635892542,0.999080929,34235,8.139570153,0.998949836
38,S33,4,TCP,7019,7.635504605,0.999074072,33772,8.13834384,0.99894338
39,S87,4,TCP,7093,7.632114473,0.99909198,33923,8.130750967,0.998963872
40,S35,4,TCK,6979,7.620963493,0.999050073,32880,8.065060845,0.99890093
41,S36,4,TCK,6941,7.621077062,0.999047558,32556,8.066281147,0.998918745
42,S88,4,TCK,7028,7.624551215,0.999059231,32378,8.055843534,0.998904051
43,S37,4,CP,7055,7.624133581,0.999026838,33807,8.09756232,0.998870674
44,S38,4,CP,7023,7.630958187,0.999033602,33775,8.112190361,0.998879312
45,S39,4,CP,7052,7.624450163,0.99901203,33541,8.104548513,0.998859547
46,S41,4,CK,6887,7.620793858,0.999036347,31929,8.052929352,0.998886599
47,S42,4,CK,6805,7.619043199,0.999036365,31453,8.055562585,0.998882289
48,S90,4,CK,6908,7.61526473,0.999034104,32155,8.042821133,0.998864999
49,S43,6,TCP,7183,7.634604934,0.999065993,34869,8.134169781,0.998926633
50,S44,6,TCP,7116,7.637403889,0.9990646,34034,8.141058643,0.998936529
51,S91,6,TCP,7122,7.634163123,0.999064668,34032,8.121267052,0.998908675
52,S46,6,TCK,6879,7.615397409,0.999029455,32079,8.056032293,0.998891048
53,S47,6,TCK,6871,7.618531461,0.999030861,32225,8.066624239,0.998896058
54,S48,6,TCK,6940,7.620348871,0.999037083,32357,8.06919524,0.998904458
55,S49,6,CP,6990,7.614996059,0.998970167,33289,8.078435907,0.998789227
56,S50,6,CP,7005,7.617182766,0.998974012,33430,8.085896118,0.998782349
57,S51,6,CP,7067,7.622819748,0.998977196,33723,8.095318012,0.998789777
58,S53,6,CK,6861,7.614816829,0.999008811,31907,8.047544124,0.998859105
59,S54,6,CK,6867,7.615016486,0.999017382,32016,8.046612604,0.998856543
60,S94,6,CK,6970,7.609896137,0.999016165,32267,8.031446894,0.998850705
61,S56,8,TCP,7030,7.642342167,0.999106037,33858,8.126708744,0.998953805
62,S57,8,TCP,7029,7.636932599,0.999088452,33568,8.128912763,0.998949652
63,S95,8,TCP,6963,7.647081751,0.999090474,33100,8.122448142,0.998928442
64,S58,8,TCK,6905,7.610290516,0.999018955,32438,8.036146285,0.99884772
65,S60,8,TCK,6888,7.619865567,0.999043646,32092,8.052012086,0.998894327
66,S96,8,TCK,6866,7.622540493,0.999059507,32141,8.058458872,0.998912587
67,S61,8,CP,7145,7.629632824,0.999013418,33609,8.094785311,0.998808802
68,S62,8,CP,7008,7.628405965,0.999041284,33636,8.095099681,0.998848441
69,S63,8,CP,6983,7.629829454,0.999034338,33165,8.101083996,0.998844153
70,S65,8,CK,6916,7.619867323,0.999034935,32214,8.051515494,0.998880326
71,S66,8,CK,6843,7.621035051,0.999032226,31888,8.053537969,0.998877874
72,S98,8,CK,6863,7.619617121,0.999065081,31377,8.047511631,0.998929026
73,S67,10,TCP,7087,7.632833097,0.999081065,34022,8.128161212,0.998935689
74,S69,10,TCP,7047,7.640071062,0.999096509,33347,8.135885267,0.998962645
75,S99,10,TCP,7073,7.638033934,0.999087772,33895,8.1335566,0.998950392
76,S70,10,TCK,6870,7.617904273,0.99903231,32081,8.052177887,0.998873446
77,S71,10,TCK,6902,7.608130843,0.999011739,31786,8.026636476,0.998847423
78,S72,10,TCK,6917,7.610687855,0.99902091,31793,8.028582715,0.998853168
79,S73,10,CP,7004,7.621010958,0.998996368,33354,8.077819757,0.998781818
80,S74,10,CP,7006,7.622427786,0.998998237,32777,8.075374031,0.998768716
81,S75,10,CP,6988,7.623309848,0.999013819,32685,8.072055372,0.998807896
82,S77,10,CK,6945,7.612949595,0.999021303,32158,8.026836548,0.998848485
83,S78,10,CK,6964,7.61394077,0.999025876,32140,8.026502487,0.998842551
84,S102,10,CK,6864,7.605995652,0.999007515,31199,8.017954586,0.998843307
