no,Treatment,Time,corrected_16S,ITS
1,CP,0,1.20E+08,4.56E+05
2,CP,0,1.04E+08,5.43E+05
3,CP,0,1.24E+08,4.33E+05
7,CK,0,2.02E+08,1.28E+06
8,CK,0,2.10E+08,1.38E+06
9,CK,0,2.02E+08,1.50E+06
13,CP,1,1.21E+08,5.32E+05
14,CP,1,1.19E+08,6.19E+05
15,CP,1,1.15E+08,4.97E+05
19,CK,1,1.98E+08,1.24E+06
20,CK,1,1.90E+08,1.24E+06
21,CK,1,2.05E+08,1.10E+06
25,CP,2,9.14E+07,2.42E+05
26,CP,2,6.98E+07,4.23E+05
27,CP,2,7.16E+07,4.52E+05
31,CK,2,1.30E+08,9.45E+05
32,CK,2,1.27E+08,8.85E+05
33,CK,2,1.42E+08,9.79E+05
37,CP,4,1.04E+08,2.93E+05
38,CP,4,8.85E+07,2.78E+05
39,CP,4,8.89E+07,2.87E+05
4,CK,4,1.33E+08,9.96E+05
5,CK,4,1.48E+08,9.63E+05
6,CK,4,1.45E+08,9.69E+05
10,CP,6,7.20E+07,3.10E+05
11,CP,6,7.37E+07,2.49E+05
12,CP,6,7.50E+07,2.03E+05
16,CK,6,1.26E+08,5.68E+05
17,CK,6,1.08E+08,6.61E+05
18,CK,6,1.13E+08,6.00E+05
22,CP,8,6.39E+07,2.62E+05
23,CP,8,6.09E+07,1.81E+05
24,CP,8,6.17E+07,2.13E+05
28,CK,8,9.60E+07,6.69E+05
29,CK,8,1.17E+08,9.05E+05
30,CK,8,1.07E+08,6.96E+05
34,CP,10,5.59E+07,1.86E+05
35,CP,10,6.93E+07,2.55E+05
36,CP,10,5.43E+07,1.92E+05
40,CK,10,9.25E+07,5.35E+05
41,CK,10,8.75E+07,5.99E+05
42,CK,10,7.42E+07,6.25E+05
43,TCP,0,1.20E+08,4.56E+05
44,TCP,0,1.04E+08,5.43E+05
45,TCP,0,1.24E+08,4.33E+05
49,TCK,0,2.02E+08,1.28E+06
50,TCK,0,2.10E+08,1.38E+06
51,TCK,0,2.02E+08,1.50E+06
55,TCP,1,8.20E+07,3.56E+05
56,TCP,1,8.44E+07,4.87E+05
57,TCP,1,7.61E+07,3.53E+05
61,TCK,1,9.63E+07,6.75E+05
62,TCK,1,1.07E+08,6.41E+05
63,TCK,1,9.43E+07,8.01E+05
67,TCP,2,7.01E+07,2.38E+05
68,TCP,2,7.19E+07,2.46E+05
69,TCP,2,8.59E+07,3.47E+05
73,TCK,2,9.95E+07,7.58E+05
74,TCK,2,1.04E+08,6.61E+05
75,TCK,2,1.11E+08,7.33E+05
79,TCP,4,8.60E+07,2.89E+05
80,TCP,4,7.58E+07,2.81E+05
81,TCP,4,7.12E+07,3.22E+05
46,TCK,4,9.53E+07,6.55E+05
47,TCK,4,1.00E+08,5.99E+05
48,TCK,4,1.02E+08,7.59E+05
52,TCP,6,1.17E+08,2.40E+05
53,TCP,6,1.21E+08,3.16E+05
54,TCP,6,1.25E+08,3.90E+05
58,TCK,6,1.37E+08,1.02E+06
59,TCK,6,1.35E+08,8.86E+05
60,TCK,6,1.40E+08,7.75E+05
64,TCP,8,1.26E+08,1.42E+05
65,TCP,8,1.25E+08,1.89E+05
66,TCP,8,1.16E+08,1.86E+05
70,TCK,8,1.36E+08,5.42E+05
71,TCK,8,1.24E+08,5.59E+05
72,TCK,8,1.26E+08,4.95E+05
76,TCP,10,9.92E+07,1.18E+05
77,TCP,10,1.15E+08,2.48E+05
78,TCP,10,1.07E+08,1.75E+05
82,TCK,10,1.19E+08,7.95E+05
83,TCK,10,1.02E+08,7.87E+05
84,TCK,10,1.23E+08,6.24E+05
