SampleID,Treatment,Time,Group
trim1,CP,0 Week,0
trim2,CP,0 Week,0
trim3,CP,0 Week,0
trim151,CP,0 Week,0
trim4,CK,0 Week,0
trim5,CK,0 Week,0
trim6,CK,0 Week,0
trim152,CK,0 Week,0
trim7,TCP,1 Week,1
trim8,TCP,1 Week,1
trim9,TCP,1 Week,1
trim79,TCP,1 Week,1
trim10,TCK,1 Week,1
trim11,TCK,1 Week,1
trim12,TCK,1 Week,1
trim80,TCK,1 Week,1
trim13,CP,1 Week,1
trim14,CP,1 Week,1
trim15,CP,1 Week,1
trim81,CP,1 Week,1
trim16,CK,1 Week,1
trim17,CK,1 Week,1
trim18,CK,1 Week,1
trim82,CK,1 Week,1
trim19,TCP,2 Weeks,2
trim20,TCP,2 Weeks,2
trim21,TCP,2 Weeks,2
trim83,TCP,2 Weeks,2
trim22,TCK,2 Weeks,2
trim23,TCK,2 Weeks,2
trim24,TCK,2 Weeks,2
trim84,TCK,2 Weeks,2
trim25,CP,2 Weeks,2
trim26,CP,2 Weeks,2
trim27,CP,2 Weeks,2
trim85,CP,2 Weeks,2
trim28,CK,2 Weeks,2
trim29,CK,2 Weeks,2
trim30,CK,2 Weeks,2
trim86,CK,2 Weeks,2
trim31,TCP,4 Weeks,4
trim32,TCP,4 Weeks,4
trim33,TCP,4 Weeks,4
trim87,TCP,4 Weeks,4
trim34,TCK,4 Weeks,4
trim35,TCK,4 Weeks,4
trim36,TCK,4 Weeks,4
trim88,TCK,4 Weeks,4
trim37,CP,4 Weeks,4
trim38,CP,4 Weeks,4
trim39,CP,4 Weeks,4
trim89,CP,4 Weeks,4
trim40,CK,4 Weeks,4
trim41,CK,4 Weeks,4
trim42,CK,4 Weeks,4
trim90,CK,4 Weeks,4
trim43,TCP,6 Weeks,6
trim44,TCP,6 Weeks,6
trim45,TCP,6 Weeks,6
trim91,TCP,6 Weeks,6
trim46,TCK,6 Weeks,6
trim47,TCK,6 Weeks,6
trim48,TCK,6 Weeks,6
trim92,TCK,6 Weeks,6
trim49,CP,6 Weeks,6
trim50,CP,6 Weeks,6
trim51,CP,6 Weeks,6
trim93,CP,6 Weeks,6
trim52,CK,6 Weeks,6
trim53,CK,6 Weeks,6
trim54,CK,6 Weeks,6
trim94,CK,6 Weeks,6
trim55,TCP,8 Weeks,8
trim56,TCP,8 Weeks,8
trim57,TCP,8 Weeks,8
trim95,TCP,8 Weeks,8
trim58,TCK,8 Weeks,8
trim59,TCK,8 Weeks,8
trim60,TCK,8 Weeks,8
trim96,TCK,8 Weeks,8
trim61,CP,8 Weeks,8
trim62,CP,8 Weeks,8
trim63,CP,8 Weeks,8
trim97,CP,8 Weeks,8
trim64,CK,8 Weeks,8
trim65,CK,8 Weeks,8
trim66,CK,8 Weeks,8
trim98,CK,8 Weeks,8
trim67,TCP,10 Weeks,10
trim68,TCP,10 Weeks,10
trim69,TCP,10 Weeks,10
trim99,TCP,10 Weeks,10
trim70,TCK,10 Weeks,10
trim71,TCK,10 Weeks,10
trim72,TCK,10 Weeks,10
trim100,TCK,10 Weeks,10
trim73,CP,10 Weeks,10
trim74,CP,10 Weeks,10
trim75,CP,10 Weeks,10
trim101,CP,10 Weeks,10
trim76,CK,10 Weeks,10
trim77,CK,10 Weeks,10
trim78,CK,10 Weeks,10
trim102,CK,10 Weeks,10
