SampleID,Treatment,Time,Week
S1,CP,0 Week,0
S2,CP,0 Week,0
S3,CP,0 Week,0
S4,CK,0 Week,0
S5,CK,0 Week,0
S152,CK,0 Week,0
S7,TCP,1 Week,1
S8,TCP,1 Week,1
S9,TCP,1 Week,1
S10,TCK,1 Week,1
S12,TCK,1 Week,1
S80,TCK,1 Week,1
S13,CP,1 Week,1
S14,CP,1 Week,1
S15,CP,1 Week,1
S17,CK,1 Week,1
S18,CK,1 Week,1
S82,CK,1 Week,1
S19,TCP,2 Weeks,2
S20,TCP,2 Weeks,2
S21,TCP,2 Weeks,2
S22,TCK,2 Weeks,2
S23,TCK,2 Weeks,2
S24,TCK,2 Weeks,2
S26,CP,2 Weeks,2
S27,CP,2 Weeks,2
S85,CP,2 Weeks,2
S29,CK,2 Weeks,2
S30,CK,2 Weeks,2
S86,CK,2 Weeks,2
S32,TCP,4 Weeks,4
S33,TCP,4 Weeks,4
S87,TCP,4 Weeks,4
S35,TCK,4 Weeks,4
S36,TCK,4 Weeks,4
S88,TCK,4 Weeks,4
S37,CP,4 Weeks,4
S38,CP,4 Weeks,4
S39,CP,4 Weeks,4
S41,CK,4 Weeks,4
S42,CK,4 Weeks,4
S90,CK,4 Weeks,4
S43,TCP,6 Weeks,6
S44,TCP,6 Weeks,6
S91,TCP,6 Weeks,6
S46,TCK,6 Weeks,6
S47,TCK,6 Weeks,6
S48,TCK,6 Weeks,6
S49,CP,6 Weeks,6
S50,CP,6 Weeks,6
S51,CP,6 Weeks,6
S53,CK,6 Weeks,6
S54,CK,6 Weeks,6
S94,CK,6 Weeks,6
S56,TCP,8 Weeks,8
S57,TCP,8 Weeks,8
S95,TCP,8 Weeks,8
S58,TCK,8 Weeks,8
S60,TCK,8 Weeks,8
S96,TCK,8 Weeks,8
S61,CP,8 Weeks,8
S62,CP,8 Weeks,8
S63,CP,8 Weeks,8
S65,CK,8 Weeks,8
S66,CK,8 Weeks,8
S98,CK,8 Weeks,8
S67,TCP,10 Weeks,10
S69,TCP,10 Weeks,10
S99,TCP,10 Weeks,10
S70,TCK,10 Weeks,10
S71,TCK,10 Weeks,10
S72,TCK,10 Weeks,10
S73,CP,10 Weeks,10
S74,CP,10 Weeks,10
S75,CP,10 Weeks,10
S77,CK,10 Weeks,10
S78,CK,10 Weeks,10
S102,CK,10 Weeks,10
